-- --------------------------------------------------------
-- 主机:                           127.0.0.1
-- 服务器版本:                        5.6.38 - MySQL Community Server (GPL)
-- 服务器操作系统:                      Win64
-- HeidiSQL 版本:                  10.2.0.5770
-- --------------------------------------------------------

/*!40101 SET @OLD_CHARACTER_SET_CLIENT=@@CHARACTER_SET_CLIENT */;
/*!40101 SET NAMES utf8 */;
/*!50503 SET NAMES utf8mb4 */;
/*!40014 SET @OLD_FOREIGN_KEY_CHECKS=@@FOREIGN_KEY_CHECKS, FOREIGN_KEY_CHECKS=0 */;
/*!40101 SET @OLD_SQL_MODE=@@SQL_MODE, SQL_MODE='NO_AUTO_VALUE_ON_ZERO' */;


-- 导出 hrms 的数据库结构
DROP DATABASE IF EXISTS `hrms`;
CREATE DATABASE IF NOT EXISTS `hrms` /*!40100 DEFAULT CHARACTER SET utf8 */;
USE `hrms`;

-- 导出  表 hrms.test 结构
DROP TABLE IF EXISTS `test`;
CREATE TABLE IF NOT EXISTS `test` (
  `id` int(10) unsigned NOT NULL AUTO_INCREMENT,
  `name` char(10) NOT NULL,
  `gmt_create` datetime NOT NULL,
  `gmt_modified` datetime NOT NULL,
  `logic_deleted` tinyint(1) unsigned NOT NULL,
  PRIMARY KEY (`id`)
) ENGINE=InnoDB AUTO_INCREMENT=3 DEFAULT CHARSET=utf8 COMMENT='测试表';

-- 正在导出表  hrms.test 的数据：~2 rows (大约)
DELETE FROM `test`;
/*!40000 ALTER TABLE `test` DISABLE KEYS */;
INSERT INTO `test` (`id`, `name`, `gmt_create`, `gmt_modified`, `logic_deleted`) VALUES
	(1, 'test', '2019-03-01 23:41:16', '2019-03-01 23:41:16', 0),
	(2, 'test2', '2019-03-01 23:41:35', '2019-03-01 23:42:18', 1);
/*!40000 ALTER TABLE `test` ENABLE KEYS */;

-- 导出  表 hrms.t_applicant 结构
DROP TABLE IF EXISTS `t_applicant`;
CREATE TABLE IF NOT EXISTS `t_applicant` (
  `id` int(10) unsigned NOT NULL AUTO_INCREMENT COMMENT '主键ID',
  `name` char(10) NOT NULL COMMENT '姓名',
  `tel` char(13) NOT NULL COMMENT '电话',
  `age` tinyint(3) unsigned NOT NULL COMMENT '年龄',
  `gender` tinyint(3) unsigned NOT NULL COMMENT '性别（女、男）',
  `email` varchar(50) DEFAULT NULL COMMENT '邮箱',
  `resume_path` varchar(255) NOT NULL COMMENT '简历路径',
  `recruitment_id` int(10) unsigned NOT NULL COMMENT '招聘计划ID',
  `is_interviewing` tinyint(1) unsigned NOT NULL COMMENT '是否可面试',
  `is_interviewed` tinyint(1) unsigned NOT NULL COMMENT '是否已面试',
  `is_passed` tinyint(1) unsigned NOT NULL COMMENT '是否可聘用',
  `is_employed` tinyint(1) unsigned NOT NULL COMMENT '是否已聘用',
  `gmt_create` datetime NOT NULL COMMENT '创建时间',
  `gmt_modified` datetime NOT NULL COMMENT '最新修改时间',
  `logic_deleted` tinyint(1) unsigned NOT NULL COMMENT '逻辑删除',
  PRIMARY KEY (`id`)
) ENGINE=InnoDB AUTO_INCREMENT=19 DEFAULT CHARSET=utf8 COMMENT='应聘者表';

-- 正在导出表  hrms.t_applicant 的数据：~6 rows (大约)
DELETE FROM `t_applicant`;
/*!40000 ALTER TABLE `t_applicant` DISABLE KEYS */;
INSERT INTO `t_applicant` (`id`, `name`, `tel`, `age`, `gender`, `email`, `resume_path`, `recruitment_id`, `is_interviewing`, `is_interviewed`, `is_passed`, `is_employed`, `gmt_create`, `gmt_modified`, `logic_deleted`) VALUES
	(1, '向龙飞21', '13123456789', 22, 0, 'afafafafafafafafafafafafaf@af.com', '', 2, 1, 1, 1, 1, '2019-03-16 16:20:41', '2019-03-19 14:25:55', 0),
	(14, '向龙飞21', '13123456789', 22, 0, 'afafafafafafafafafafafafaf@af.com', '', 2, 1, 1, 1, 1, '2019-03-16 16:20:41', '2019-03-19 14:25:55', 0),
	(15, '吴同学', '13123456789', 22, 0, NULL, '', 2, 1, 1, 1, 0, '2019-03-16 16:20:41', '2019-03-20 19:05:50', 0),
	(16, '李应聘', '13123456789', 22, 0, 'af@af.com', '', 2, 1, 0, 0, 0, '2019-03-16 16:20:41', '2019-04-15 11:01:59', 0),
	(17, '向龙飞24', '13123456789', 22, 0, NULL, '', 2, 1, 1, 1, 1, '2019-03-16 16:20:41', '2019-03-20 19:06:05', 0),
	(18, '黄入职', '13123456789', 22, 0, NULL, '', 2, 1, 1, 1, 1, '2019-03-16 16:20:41', '2019-05-04 19:32:18', 0);
/*!40000 ALTER TABLE `t_applicant` ENABLE KEYS */;

-- 导出  表 hrms.t_business_trip 结构
DROP TABLE IF EXISTS `t_business_trip`;
CREATE TABLE IF NOT EXISTS `t_business_trip` (
  `id` int(10) unsigned NOT NULL AUTO_INCREMENT COMMENT '主键ID',
  `employee_id` int(10) unsigned NOT NULL COMMENT '员工ID',
  `start_date` datetime NOT NULL COMMENT '出差开始时间',
  `end_date` datetime NOT NULL COMMENT '出差结束时间',
  `expenses` decimal(10,2) unsigned DEFAULT NULL COMMENT '预算',
  `reason` varchar(255) NOT NULL COMMENT '原因',
  `is_reviewed` tinyint(1) unsigned NOT NULL COMMENT '是否已审核',
  `is_holding` tinyint(1) unsigned NOT NULL COMMENT '是否待出差',
  `is_finished` tinyint(1) unsigned NOT NULL COMMENT '是否已完成',
  `check_in_time` datetime DEFAULT NULL COMMENT '报道时间',
  `is_reimbursed` tinyint(1) unsigned NOT NULL COMMENT '是否已报销',
  `gmt_create` datetime NOT NULL COMMENT '创建时间',
  `gmt_modified` datetime NOT NULL COMMENT '最新修改时间',
  `logic_deleted` tinyint(1) unsigned NOT NULL COMMENT '逻辑删除',
  PRIMARY KEY (`id`)
) ENGINE=InnoDB AUTO_INCREMENT=8 DEFAULT CHARSET=utf8 COMMENT='出差记录表';

-- 正在导出表  hrms.t_business_trip 的数据：~7 rows (大约)
DELETE FROM `t_business_trip`;
/*!40000 ALTER TABLE `t_business_trip` DISABLE KEYS */;
INSERT INTO `t_business_trip` (`id`, `employee_id`, `start_date`, `end_date`, `expenses`, `reason`, `is_reviewed`, `is_holding`, `is_finished`, `check_in_time`, `is_reimbursed`, `gmt_create`, `gmt_modified`, `logic_deleted`) VALUES
	(1, 3, '2019-10-25 08:00:00', '2019-11-01 08:00:00', 1000.00, '出差', 1, 0, 1, NULL, 0, '2019-10-25 12:14:54', '2019-10-28 11:02:54', 0),
	(2, 1, '2019-10-26 08:00:00', '2019-11-30 08:00:00', 3000.00, '出差测试', 0, 1, 0, NULL, 0, '2019-10-26 09:33:15', '2019-03-26 11:46:58', 0),
	(3, 2, '2019-12-26 08:00:00', '2019-12-27 08:00:00', 3000.00, '出差测试', 1, 1, 0, NULL, 0, '2019-12-26 09:33:15', '2019-04-04 09:14:01', 0),
	(4, 3, '2019-03-26 08:00:00', '2019-04-03 08:00:00', 3000.00, '出差测试', 1, 0, 0, NULL, 0, '2019-03-26 09:33:15', '2019-03-28 11:02:18', 1),
	(5, 3, '2019-03-26 08:00:00', '2019-04-03 08:00:00', 3000.00, '出差测试', 1, 1, 0, NULL, 0, '2019-03-26 09:33:15', '2019-04-04 09:11:38', 1),
	(6, 3, '2019-03-26 08:00:00', '2019-04-03 08:00:00', 3000.00, '出差测试', 1, 1, 0, NULL, 0, '2019-03-26 09:33:15', '2019-04-04 09:12:32', 1),
	(7, 3, '2019-05-08 08:00:00', '2019-05-09 08:00:00', 500.00, '测试', 1, 1, 0, NULL, 0, '2019-05-08 16:34:56', '2019-05-08 16:35:06', 1);
/*!40000 ALTER TABLE `t_business_trip` ENABLE KEYS */;

-- 导出  表 hrms.t_commute 结构
DROP TABLE IF EXISTS `t_commute`;
CREATE TABLE IF NOT EXISTS `t_commute` (
  `id` int(10) unsigned NOT NULL AUTO_INCREMENT COMMENT '主键ID',
  `employee_id` int(10) unsigned NOT NULL COMMENT '员工ID',
  `today` date NOT NULL COMMENT '当天日期',
  `to_work_time` time DEFAULT NULL COMMENT '通勤时间',
  `is_to_work` tinyint(1) unsigned NOT NULL COMMENT '是否通勤',
  `off_work_time` time DEFAULT NULL COMMENT '退勤时间',
  `is_off_work` tinyint(1) unsigned NOT NULL COMMENT '是否退勤',
  `morning_called` tinyint(1) unsigned NOT NULL COMMENT '已发生上午通勤异常',
  `afternoon_called` tinyint(1) unsigned NOT NULL COMMENT '已发生下午通勤异常',
  `gmt_create` datetime NOT NULL COMMENT '创建时间',
  `gmt_modified` datetime NOT NULL COMMENT '最新修改时间',
  `logic_deleted` tinyint(1) unsigned NOT NULL COMMENT '逻辑删除',
  PRIMARY KEY (`id`),
  UNIQUE KEY `employee_id_today` (`employee_id`,`today`)
) ENGINE=InnoDB AUTO_INCREMENT=368 DEFAULT CHARSET=utf8 COMMENT='通勤记录表';

-- 正在导出表  hrms.t_commute 的数据：~181 rows (大约)
DELETE FROM `t_commute`;
/*!40000 ALTER TABLE `t_commute` DISABLE KEYS */;
INSERT INTO `t_commute` (`id`, `employee_id`, `today`, `to_work_time`, `is_to_work`, `off_work_time`, `is_off_work`, `morning_called`, `afternoon_called`, `gmt_create`, `gmt_modified`, `logic_deleted`) VALUES
	(186, 1, '2019-04-04', NULL, 1, NULL, 1, 0, 0, '2019-04-04 02:00:04', '2019-04-04 02:00:04', 0),
	(187, 4, '2019-04-04', NULL, 1, NULL, 1, 0, 0, '2019-04-04 02:00:04', '2019-04-04 02:00:04', 0),
	(188, 5, '2019-04-04', NULL, 1, NULL, 1, 0, 0, '2019-04-04 02:00:04', '2019-04-04 02:00:04', 0),
	(189, 6, '2019-04-04', NULL, 1, NULL, 1, 0, 0, '2019-04-04 02:00:04', '2019-04-04 02:00:04', 0),
	(190, 7, '2019-04-04', NULL, 1, NULL, 1, 0, 0, '2019-04-04 02:00:04', '2019-04-04 02:00:04', 0),
	(191, 8, '2019-04-04', NULL, 1, NULL, 1, 0, 0, '2019-04-04 02:00:04', '2019-04-04 02:00:04', 0),
	(192, 9, '2019-04-04', NULL, 1, NULL, 1, 0, 0, '2019-04-04 02:00:04', '2019-04-04 02:00:04', 0),
	(193, 10, '2019-04-04', NULL, 1, NULL, 1, 0, 0, '2019-04-04 02:00:04', '2019-04-04 02:00:04', 0),
	(194, 20, '2019-04-04', NULL, 1, NULL, 1, 0, 0, '2019-04-04 02:00:04', '2019-04-04 02:00:04', 0),
	(195, 24, '2019-04-04', NULL, 1, NULL, 1, 0, 0, '2019-04-04 02:00:04', '2019-04-04 02:00:04', 0),
	(196, 25, '2019-04-04', NULL, 1, NULL, 1, 0, 0, '2019-04-04 02:00:04', '2019-04-04 02:00:04', 0),
	(197, 29, '2019-04-04', NULL, 1, NULL, 1, 0, 0, '2019-04-04 02:00:04', '2019-04-04 02:00:04', 0),
	(198, 30, '2019-04-04', NULL, 1, NULL, 1, 0, 0, '2019-04-04 02:00:04', '2019-04-04 02:00:04', 0),
	(199, 1, '2019-04-05', NULL, 1, NULL, 1, 0, 0, '2019-04-05 02:00:02', '2019-04-05 02:00:02', 0),
	(200, 3, '2019-04-05', NULL, 1, NULL, 1, 0, 0, '2019-04-05 02:00:02', '2019-04-05 02:00:02', 0),
	(201, 4, '2019-04-05', NULL, 1, NULL, 1, 0, 0, '2019-04-05 02:00:02', '2019-04-05 02:00:02', 0),
	(202, 5, '2019-04-05', NULL, 1, NULL, 1, 0, 0, '2019-04-05 02:00:02', '2019-04-05 02:00:02', 0),
	(203, 6, '2019-04-05', NULL, 1, NULL, 1, 0, 0, '2019-04-05 02:00:02', '2019-04-05 02:00:02', 0),
	(204, 7, '2019-04-05', NULL, 1, NULL, 1, 0, 0, '2019-04-05 02:00:02', '2019-04-05 02:00:02', 0),
	(205, 8, '2019-04-05', NULL, 1, NULL, 1, 0, 0, '2019-04-05 02:00:02', '2019-04-05 02:00:02', 0),
	(206, 9, '2019-04-05', NULL, 1, NULL, 1, 0, 0, '2019-04-05 02:00:02', '2019-04-05 02:00:02', 0),
	(207, 10, '2019-04-05', NULL, 1, NULL, 1, 0, 0, '2019-04-05 02:00:02', '2019-04-05 02:00:02', 0),
	(208, 20, '2019-04-05', NULL, 1, NULL, 1, 0, 0, '2019-04-05 02:00:02', '2019-04-05 02:00:02', 0),
	(209, 24, '2019-04-05', NULL, 1, NULL, 1, 0, 0, '2019-04-05 02:00:02', '2019-04-05 02:00:02', 0),
	(210, 25, '2019-04-05', NULL, 1, NULL, 1, 0, 0, '2019-04-05 02:00:02', '2019-04-05 02:00:02', 0),
	(211, 29, '2019-04-05', NULL, 1, NULL, 1, 0, 0, '2019-04-05 02:00:02', '2019-04-05 02:00:02', 0),
	(212, 30, '2019-04-05', NULL, 1, NULL, 1, 0, 0, '2019-04-05 02:00:02', '2019-04-05 02:00:02', 0),
	(213, 1, '2019-04-08', NULL, 1, NULL, 1, 0, 0, '2019-04-08 02:00:19', '2019-04-08 02:00:19', 0),
	(214, 3, '2019-04-08', NULL, 1, NULL, 1, 0, 0, '2019-04-08 02:00:19', '2019-04-08 02:00:19', 0),
	(215, 4, '2019-04-08', NULL, 1, NULL, 1, 0, 0, '2019-04-08 02:00:19', '2019-04-08 02:00:19', 0),
	(216, 5, '2019-04-08', NULL, 1, NULL, 1, 0, 0, '2019-04-08 02:00:19', '2019-04-08 02:00:19', 0),
	(217, 6, '2019-04-08', NULL, 1, NULL, 1, 0, 0, '2019-04-08 02:00:19', '2019-04-08 02:00:19', 0),
	(218, 7, '2019-04-08', NULL, 1, NULL, 1, 0, 0, '2019-04-08 02:00:19', '2019-04-08 02:00:19', 0),
	(219, 8, '2019-04-08', NULL, 1, NULL, 1, 0, 0, '2019-04-08 02:00:19', '2019-04-08 02:00:19', 0),
	(220, 9, '2019-04-08', NULL, 1, NULL, 1, 0, 0, '2019-04-08 02:00:19', '2019-04-08 02:00:19', 0),
	(221, 10, '2019-04-08', NULL, 1, NULL, 1, 0, 0, '2019-04-08 02:00:19', '2019-04-08 02:00:19', 0),
	(222, 20, '2019-04-08', NULL, 1, NULL, 1, 0, 0, '2019-04-08 02:00:19', '2019-04-08 02:00:19', 0),
	(223, 24, '2019-04-08', NULL, 1, NULL, 1, 0, 0, '2019-04-08 02:00:19', '2019-04-08 02:00:19', 0),
	(224, 25, '2019-04-08', NULL, 1, NULL, 1, 0, 0, '2019-04-08 02:00:19', '2019-04-08 02:00:19', 0),
	(225, 29, '2019-04-08', NULL, 1, NULL, 1, 0, 0, '2019-04-08 02:00:19', '2019-04-08 02:00:19', 0),
	(226, 30, '2019-04-08', NULL, 1, NULL, 1, 0, 0, '2019-04-08 02:00:19', '2019-04-08 02:00:19', 0),
	(227, 1, '2019-04-09', NULL, 1, NULL, 1, 0, 0, '2019-04-09 02:00:06', '2019-04-09 02:00:06', 0),
	(228, 3, '2019-04-09', NULL, 1, NULL, 1, 1, 0, '2019-04-09 02:00:06', '2019-04-15 14:06:20', 0),
	(229, 4, '2019-04-09', NULL, 1, NULL, 1, 0, 0, '2019-04-09 02:00:06', '2019-04-09 02:00:06', 0),
	(230, 5, '2019-04-09', NULL, 1, NULL, 1, 0, 0, '2019-04-09 02:00:06', '2019-04-09 02:00:06', 0),
	(231, 6, '2019-04-09', NULL, 1, NULL, 1, 0, 0, '2019-04-09 02:00:06', '2019-04-09 02:00:06', 0),
	(232, 7, '2019-04-09', NULL, 1, NULL, 1, 0, 0, '2019-04-09 02:00:06', '2019-04-09 02:00:06', 0),
	(233, 8, '2019-04-09', NULL, 1, NULL, 1, 0, 0, '2019-04-09 02:00:06', '2019-04-09 02:00:06', 0),
	(234, 9, '2019-04-09', NULL, 1, NULL, 1, 0, 0, '2019-04-09 02:00:06', '2019-04-09 02:00:06', 0),
	(235, 10, '2019-04-09', NULL, 1, NULL, 1, 0, 0, '2019-04-09 02:00:06', '2019-04-09 02:00:06', 0),
	(236, 20, '2019-04-09', NULL, 1, NULL, 1, 0, 0, '2019-04-09 02:00:06', '2019-04-09 02:00:06', 0),
	(237, 24, '2019-04-09', NULL, 1, NULL, 1, 0, 0, '2019-04-09 02:00:06', '2019-04-09 02:00:06', 0),
	(238, 25, '2019-04-09', NULL, 1, NULL, 1, 0, 0, '2019-04-09 02:00:06', '2019-04-09 02:00:06', 0),
	(239, 29, '2019-04-09', NULL, 1, NULL, 1, 0, 0, '2019-04-09 02:00:06', '2019-04-09 02:00:06', 0),
	(240, 30, '2019-04-09', NULL, 1, NULL, 1, 0, 0, '2019-04-09 02:00:06', '2019-04-09 02:00:06', 0),
	(241, 1, '2019-04-10', NULL, 1, NULL, 1, 0, 0, '2019-04-10 02:00:03', '2019-04-10 02:00:03', 0),
	(242, 3, '2019-04-10', '08:00:01', 1, NULL, 1, 1, 0, '2019-04-10 02:00:03', '2019-04-15 11:32:11', 0),
	(243, 4, '2019-04-10', NULL, 1, NULL, 1, 0, 0, '2019-04-10 02:00:03', '2019-04-10 02:00:03', 0),
	(244, 5, '2019-04-10', NULL, 1, NULL, 1, 0, 0, '2019-04-10 02:00:03', '2019-04-10 02:00:03', 0),
	(245, 6, '2019-04-10', NULL, 1, NULL, 1, 0, 0, '2019-04-10 02:00:03', '2019-04-10 02:00:03', 0),
	(246, 7, '2019-04-10', NULL, 1, NULL, 1, 0, 0, '2019-04-10 02:00:03', '2019-04-10 02:00:03', 0),
	(247, 8, '2019-04-10', NULL, 1, NULL, 1, 0, 0, '2019-04-10 02:00:03', '2019-04-10 02:00:03', 0),
	(248, 9, '2019-04-10', NULL, 1, NULL, 1, 0, 0, '2019-04-10 02:00:03', '2019-04-10 02:00:03', 0),
	(249, 10, '2019-04-10', NULL, 1, NULL, 1, 0, 0, '2019-04-10 02:00:03', '2019-04-10 02:00:03', 0),
	(250, 20, '2019-04-10', NULL, 1, NULL, 1, 0, 0, '2019-04-10 02:00:03', '2019-04-10 02:00:03', 0),
	(251, 24, '2019-04-10', NULL, 1, NULL, 1, 0, 0, '2019-04-10 02:00:03', '2019-04-10 02:00:03', 0),
	(252, 25, '2019-04-10', NULL, 1, NULL, 1, 0, 0, '2019-04-10 02:00:03', '2019-04-10 02:00:03', 0),
	(253, 29, '2019-04-10', NULL, 1, NULL, 1, 0, 0, '2019-04-10 02:00:03', '2019-04-10 02:00:03', 0),
	(254, 30, '2019-04-10', NULL, 1, NULL, 1, 0, 0, '2019-04-10 02:00:03', '2019-04-10 02:00:03', 0),
	(255, 1, '2019-04-11', NULL, 1, NULL, 1, 0, 0, '2019-04-11 01:59:56', '2019-04-11 01:59:56', 0),
	(256, 3, '2019-04-11', '09:08:12', 1, '18:00:00', 1, 1, 1, '2019-04-11 01:59:56', '2019-04-11 10:21:50', 0),
	(257, 4, '2019-04-11', NULL, 1, NULL, 1, 1, 0, '2019-04-11 01:59:56', '2019-04-11 10:19:33', 0),
	(258, 5, '2019-04-11', NULL, 1, NULL, 1, 0, 0, '2019-04-11 01:59:56', '2019-04-11 01:59:56', 0),
	(259, 6, '2019-04-11', NULL, 1, NULL, 1, 0, 0, '2019-04-11 01:59:56', '2019-04-11 01:59:56', 0),
	(260, 7, '2019-04-11', NULL, 1, NULL, 1, 1, 0, '2019-04-11 01:59:56', '2019-04-11 10:22:09', 0),
	(261, 8, '2019-04-11', NULL, 1, NULL, 1, 1, 0, '2019-04-11 01:59:56', '2019-04-11 10:22:09', 0),
	(262, 9, '2019-04-11', NULL, 1, NULL, 1, 1, 0, '2019-04-11 01:59:56', '2019-04-11 10:22:07', 0),
	(263, 10, '2019-04-11', NULL, 1, NULL, 1, 1, 0, '2019-04-11 01:59:56', '2019-04-11 10:22:08', 0),
	(264, 20, '2019-04-11', NULL, 1, NULL, 1, 0, 0, '2019-04-11 01:59:56', '2019-04-11 01:59:56', 0),
	(265, 24, '2019-04-11', NULL, 1, NULL, 1, 0, 0, '2019-04-11 01:59:56', '2019-04-11 01:59:56', 0),
	(266, 25, '2019-04-11', NULL, 1, NULL, 1, 0, 0, '2019-04-11 01:59:56', '2019-04-11 01:59:56', 0),
	(267, 29, '2019-04-11', NULL, 1, NULL, 1, 0, 0, '2019-04-11 01:59:56', '2019-04-11 01:59:56', 0),
	(268, 30, '2019-04-11', NULL, 1, NULL, 1, 0, 0, '2019-04-11 01:59:56', '2019-04-11 01:59:56', 0),
	(269, 1, '2019-04-12', NULL, 1, NULL, 1, 0, 0, '2019-04-12 02:00:04', '2019-04-12 02:00:04', 0),
	(270, 3, '2019-04-12', NULL, 1, NULL, 1, 1, 0, '2019-04-12 02:00:04', '2019-04-15 14:04:43', 0),
	(271, 4, '2019-04-12', NULL, 1, NULL, 1, 0, 0, '2019-04-12 02:00:04', '2019-04-12 02:00:04', 0),
	(272, 5, '2019-04-12', NULL, 1, NULL, 1, 0, 0, '2019-04-12 02:00:04', '2019-04-12 02:00:04', 0),
	(273, 6, '2019-04-12', NULL, 1, NULL, 1, 0, 0, '2019-04-12 02:00:04', '2019-04-12 02:00:04', 0),
	(274, 7, '2019-04-12', NULL, 1, NULL, 1, 0, 0, '2019-04-12 02:00:04', '2019-04-12 02:00:04', 0),
	(275, 8, '2019-04-12', NULL, 1, NULL, 1, 0, 0, '2019-04-12 02:00:04', '2019-04-12 02:00:04', 0),
	(276, 9, '2019-04-12', NULL, 1, NULL, 1, 0, 0, '2019-04-12 02:00:04', '2019-04-12 02:00:04', 0),
	(277, 10, '2019-04-12', NULL, 1, NULL, 1, 0, 0, '2019-04-12 02:00:04', '2019-04-12 02:00:04', 0),
	(278, 20, '2019-04-12', NULL, 1, NULL, 1, 0, 0, '2019-04-12 02:00:04', '2019-04-12 02:00:04', 0),
	(279, 24, '2019-04-12', NULL, 1, NULL, 1, 0, 0, '2019-04-12 02:00:04', '2019-04-12 02:00:04', 0),
	(280, 25, '2019-04-12', NULL, 1, NULL, 1, 0, 0, '2019-04-12 02:00:04', '2019-04-12 02:00:04', 0),
	(281, 29, '2019-04-12', NULL, 1, NULL, 1, 0, 0, '2019-04-12 02:00:04', '2019-04-12 02:00:04', 0),
	(282, 30, '2019-04-12', NULL, 1, NULL, 1, 0, 0, '2019-04-12 02:00:04', '2019-04-12 02:00:04', 0),
	(283, 1, '2019-04-15', NULL, 1, NULL, 1, 1, 1, '2019-04-15 02:00:19', '2019-04-15 15:50:40', 0),
	(284, 3, '2019-04-15', '16:03:26', 1, '18:00:00', 1, 1, 1, '2019-04-15 02:00:19', '2019-04-16 08:26:40', 0),
	(285, 4, '2019-04-15', NULL, 1, NULL, 1, 1, 1, '2019-04-15 02:00:19', '2019-04-15 15:50:46', 0),
	(286, 5, '2019-04-15', NULL, 1, NULL, 1, 1, 0, '2019-04-15 02:00:19', '2019-04-15 11:32:20', 0),
	(287, 6, '2019-04-15', NULL, 1, NULL, 1, 1, 0, '2019-04-15 02:00:19', '2019-04-15 11:32:21', 0),
	(288, 7, '2019-04-15', NULL, 1, NULL, 1, 0, 0, '2019-04-15 02:00:19', '2019-04-15 02:00:19', 0),
	(289, 8, '2019-04-15', NULL, 1, NULL, 1, 0, 0, '2019-04-15 02:00:19', '2019-04-15 02:00:19', 0),
	(290, 9, '2019-04-15', NULL, 1, NULL, 1, 0, 0, '2019-04-15 02:00:19', '2019-04-15 02:00:19', 0),
	(291, 10, '2019-04-15', NULL, 1, NULL, 1, 0, 0, '2019-04-15 02:00:19', '2019-04-15 02:00:19', 0),
	(292, 20, '2019-04-15', NULL, 1, NULL, 1, 0, 0, '2019-04-15 02:00:19', '2019-04-15 02:00:19', 0),
	(293, 24, '2019-04-15', NULL, 1, NULL, 1, 0, 0, '2019-04-15 02:00:19', '2019-04-15 02:00:19', 0),
	(294, 25, '2019-04-15', NULL, 1, NULL, 1, 0, 0, '2019-04-15 02:00:19', '2019-04-15 02:00:19', 0),
	(295, 29, '2019-04-15', NULL, 1, NULL, 1, 0, 0, '2019-04-15 02:00:19', '2019-04-15 02:00:19', 0),
	(296, 30, '2019-04-15', NULL, 1, NULL, 1, 0, 0, '2019-04-15 02:00:19', '2019-04-15 02:00:19', 0),
	(297, 1, '2019-04-16', NULL, 1, NULL, 1, 0, 0, '2019-04-16 02:00:03', '2019-04-16 02:00:03', 0),
	(298, 3, '2019-04-16', '08:00:01', 1, NULL, 1, 1, 1, '2019-04-16 02:00:03', '2019-04-17 18:39:26', 0),
	(299, 4, '2019-04-16', NULL, 1, NULL, 1, 0, 0, '2019-04-16 02:00:03', '2019-04-16 02:00:03', 0),
	(300, 5, '2019-04-16', NULL, 1, NULL, 1, 0, 0, '2019-04-16 02:00:03', '2019-04-16 02:00:03', 0),
	(301, 6, '2019-04-16', NULL, 1, NULL, 1, 0, 0, '2019-04-16 02:00:03', '2019-04-16 02:00:03', 0),
	(302, 7, '2019-04-16', NULL, 1, NULL, 1, 0, 0, '2019-04-16 02:00:03', '2019-04-16 02:00:03', 0),
	(303, 8, '2019-04-16', NULL, 1, NULL, 1, 0, 0, '2019-04-16 02:00:03', '2019-04-16 02:00:03', 0),
	(304, 9, '2019-04-16', NULL, 1, NULL, 1, 0, 0, '2019-04-16 02:00:03', '2019-04-16 02:00:03', 0),
	(305, 10, '2019-04-16', NULL, 1, NULL, 1, 0, 0, '2019-04-16 02:00:03', '2019-04-16 02:00:03', 0),
	(306, 20, '2019-04-16', NULL, 1, NULL, 1, 0, 0, '2019-04-16 02:00:03', '2019-04-16 02:00:03', 0),
	(307, 24, '2019-04-16', NULL, 1, NULL, 1, 0, 0, '2019-04-16 02:00:03', '2019-04-16 02:00:03', 0),
	(308, 25, '2019-04-16', NULL, 1, NULL, 1, 0, 0, '2019-04-16 02:00:03', '2019-04-16 02:00:03', 0),
	(309, 29, '2019-04-16', NULL, 1, NULL, 1, 0, 0, '2019-04-16 02:00:03', '2019-04-16 02:00:03', 0),
	(310, 30, '2019-04-16', NULL, 1, NULL, 1, 0, 0, '2019-04-16 02:00:03', '2019-04-16 02:00:03', 0),
	(311, 1, '2019-04-29', NULL, 0, NULL, 0, 0, 0, '2019-04-29 02:00:17', '2019-04-29 02:00:17', 0),
	(312, 3, '2019-04-29', NULL, 0, NULL, 0, 0, 0, '2019-04-29 02:00:17', '2019-04-29 02:00:17', 0),
	(313, 4, '2019-04-29', NULL, 0, NULL, 0, 0, 0, '2019-04-29 02:00:17', '2019-04-29 02:00:17', 0),
	(314, 5, '2019-04-29', NULL, 0, NULL, 0, 0, 0, '2019-04-29 02:00:17', '2019-04-29 02:00:17', 0),
	(315, 6, '2019-04-29', NULL, 0, NULL, 0, 0, 0, '2019-04-29 02:00:17', '2019-04-29 02:00:17', 0),
	(316, 7, '2019-04-29', NULL, 0, NULL, 0, 0, 0, '2019-04-29 02:00:17', '2019-04-29 02:00:17', 0),
	(317, 8, '2019-04-29', NULL, 0, NULL, 0, 0, 0, '2019-04-29 02:00:17', '2019-04-29 02:00:17', 0),
	(318, 9, '2019-04-29', NULL, 0, NULL, 0, 0, 0, '2019-04-29 02:00:17', '2019-04-29 02:00:17', 0),
	(319, 10, '2019-04-29', NULL, 0, NULL, 0, 0, 0, '2019-04-29 02:00:17', '2019-04-29 02:00:17', 0),
	(320, 20, '2019-04-29', NULL, 0, NULL, 0, 0, 0, '2019-04-29 02:00:17', '2019-04-29 02:00:17', 0),
	(321, 24, '2019-04-29', NULL, 0, NULL, 0, 0, 0, '2019-04-29 02:00:17', '2019-04-29 02:00:17', 0),
	(322, 25, '2019-04-29', NULL, 0, NULL, 0, 0, 0, '2019-04-29 02:00:17', '2019-04-29 02:00:17', 0),
	(323, 29, '2019-04-29', NULL, 0, NULL, 0, 0, 0, '2019-04-29 02:00:17', '2019-04-29 02:00:17', 0),
	(324, 30, '2019-04-29', NULL, 0, NULL, 0, 0, 0, '2019-04-29 02:00:17', '2019-04-29 02:00:17', 0),
	(325, 1, '2019-04-30', NULL, 0, NULL, 0, 0, 0, '2019-04-30 02:00:04', '2019-04-30 02:00:04', 0),
	(326, 3, '2019-04-30', NULL, 0, NULL, 0, 0, 0, '2019-04-30 02:00:04', '2019-04-30 02:00:04', 0),
	(327, 4, '2019-04-30', NULL, 0, NULL, 0, 0, 0, '2019-04-30 02:00:04', '2019-04-30 02:00:04', 0),
	(328, 5, '2019-04-30', NULL, 0, NULL, 0, 0, 0, '2019-04-30 02:00:04', '2019-04-30 02:00:04', 0),
	(329, 6, '2019-04-30', NULL, 0, NULL, 0, 0, 0, '2019-04-30 02:00:04', '2019-04-30 02:00:04', 0),
	(330, 7, '2019-04-30', NULL, 0, NULL, 0, 0, 0, '2019-04-30 02:00:04', '2019-04-30 02:00:04', 0),
	(331, 8, '2019-04-30', NULL, 0, NULL, 0, 0, 0, '2019-04-30 02:00:04', '2019-04-30 02:00:04', 0),
	(332, 9, '2019-04-30', NULL, 0, NULL, 0, 0, 0, '2019-04-30 02:00:04', '2019-04-30 02:00:04', 0),
	(333, 10, '2019-04-30', NULL, 0, NULL, 0, 0, 0, '2019-04-30 02:00:04', '2019-04-30 02:00:04', 0),
	(334, 20, '2019-04-30', NULL, 0, NULL, 0, 0, 0, '2019-04-30 02:00:04', '2019-04-30 02:00:04', 0),
	(335, 24, '2019-04-30', NULL, 0, NULL, 0, 0, 0, '2019-04-30 02:00:04', '2019-04-30 02:00:04', 0),
	(336, 25, '2019-04-30', NULL, 0, NULL, 0, 0, 0, '2019-04-30 02:00:04', '2019-04-30 02:00:04', 0),
	(337, 29, '2019-04-30', NULL, 0, NULL, 0, 0, 0, '2019-04-30 02:00:04', '2019-04-30 02:00:04', 0),
	(338, 30, '2019-04-30', NULL, 0, NULL, 0, 0, 0, '2019-04-30 02:00:04', '2019-04-30 02:00:04', 0),
	(339, 1, '2019-05-08', NULL, 0, NULL, 0, 0, 0, '2019-05-08 02:00:00', '2019-05-08 02:00:00', 0),
	(340, 3, '2019-05-08', '14:30:21', 1, '15:53:02', 1, 1, 1, '2019-05-08 02:00:00', '2019-05-08 16:06:12', 0),
	(341, 4, '2019-05-08', NULL, 0, NULL, 0, 0, 0, '2019-05-08 02:00:00', '2019-05-08 02:00:00', 0),
	(342, 5, '2019-05-08', NULL, 0, NULL, 0, 0, 0, '2019-05-08 02:00:00', '2019-05-08 02:00:00', 0),
	(343, 6, '2019-05-08', NULL, 0, NULL, 0, 0, 0, '2019-05-08 02:00:00', '2019-05-08 02:00:00', 0),
	(344, 7, '2019-05-08', NULL, 0, NULL, 0, 0, 0, '2019-05-08 02:00:00', '2019-05-08 02:00:00', 0),
	(345, 8, '2019-05-08', NULL, 0, NULL, 0, 0, 0, '2019-05-08 02:00:00', '2019-05-08 02:00:00', 0),
	(346, 9, '2019-05-08', NULL, 0, NULL, 0, 0, 0, '2019-05-08 02:00:00', '2019-05-08 02:00:00', 0),
	(347, 10, '2019-05-08', NULL, 0, NULL, 0, 0, 0, '2019-05-08 02:00:00', '2019-05-08 02:00:00', 0),
	(348, 20, '2019-05-08', NULL, 0, NULL, 0, 0, 0, '2019-05-08 02:00:00', '2019-05-08 02:00:00', 0),
	(349, 24, '2019-05-08', NULL, 0, NULL, 0, 0, 0, '2019-05-08 02:00:00', '2019-05-08 02:00:00', 0),
	(350, 25, '2019-05-08', NULL, 0, NULL, 0, 0, 0, '2019-05-08 02:00:00', '2019-05-08 02:00:00', 0),
	(351, 29, '2019-05-08', NULL, 0, NULL, 0, 0, 0, '2019-05-08 02:00:00', '2019-05-08 02:00:00', 0),
	(352, 30, '2019-05-08', NULL, 0, NULL, 0, 0, 0, '2019-05-08 02:00:00', '2019-05-08 02:00:00', 0),
	(353, 1, '2019-05-09', NULL, 0, NULL, 0, 0, 0, '2019-05-09 02:00:00', '2019-05-09 02:00:00', 0),
	(354, 3, '2019-05-09', NULL, 0, NULL, 0, 0, 0, '2019-05-09 02:00:00', '2019-05-09 02:00:00', 0),
	(355, 4, '2019-05-09', NULL, 0, NULL, 0, 0, 0, '2019-05-09 02:00:00', '2019-05-09 02:00:00', 0),
	(356, 5, '2019-05-09', NULL, 0, NULL, 0, 0, 0, '2019-05-09 02:00:00', '2019-05-09 02:00:00', 0),
	(357, 6, '2019-05-09', NULL, 0, NULL, 0, 0, 0, '2019-05-09 02:00:00', '2019-05-09 02:00:00', 0),
	(358, 7, '2019-05-09', NULL, 0, NULL, 0, 0, 0, '2019-05-09 02:00:00', '2019-05-09 02:00:00', 0),
	(359, 8, '2019-05-09', NULL, 0, NULL, 0, 0, 0, '2019-05-09 02:00:00', '2019-05-09 02:00:00', 0),
	(360, 9, '2019-05-09', NULL, 0, NULL, 0, 0, 0, '2019-05-09 02:00:00', '2019-05-09 02:00:00', 0),
	(361, 10, '2019-05-09', NULL, 0, NULL, 0, 0, 0, '2019-05-09 02:00:00', '2019-05-09 02:00:00', 0),
	(362, 20, '2019-05-09', NULL, 0, NULL, 0, 0, 0, '2019-05-09 02:00:00', '2019-05-09 02:00:00', 0),
	(363, 24, '2019-05-09', NULL, 0, NULL, 0, 0, 0, '2019-05-09 02:00:00', '2019-05-09 02:00:00', 0),
	(364, 25, '2019-05-09', NULL, 0, NULL, 0, 0, 0, '2019-05-09 02:00:00', '2019-05-09 02:00:00', 0),
	(365, 29, '2019-05-09', NULL, 0, NULL, 0, 0, 0, '2019-05-09 02:00:00', '2019-05-09 02:00:00', 0),
	(366, 30, '2019-05-09', NULL, 0, NULL, 0, 0, 0, '2019-05-09 02:00:00', '2019-05-09 02:00:00', 0),
	(367, 30, '2019-05-11', NULL, 0, NULL, 0, 0, 0, '2019-05-09 02:00:00', '2019-05-09 02:00:00', 0);
/*!40000 ALTER TABLE `t_commute` ENABLE KEYS */;

-- 导出  表 hrms.t_commute_exception 结构
DROP TABLE IF EXISTS `t_commute_exception`;
CREATE TABLE IF NOT EXISTS `t_commute_exception` (
  `id` int(10) unsigned NOT NULL AUTO_INCREMENT COMMENT '主键ID',
  `employee_id` int(10) unsigned NOT NULL COMMENT '员工ID',
  `commute_id` int(10) unsigned NOT NULL COMMENT '通勤记录ID',
  `witness` int(10) unsigned DEFAULT NULL COMMENT '证人ID',
  `today` date NOT NULL COMMENT '当天日期',
  `to_work_time` time DEFAULT NULL COMMENT '通勤时间',
  `is_to_work` tinyint(1) unsigned NOT NULL COMMENT '是否通勤',
  `off_work_time` time DEFAULT NULL COMMENT '退勤时间',
  `is_off_work` tinyint(1) unsigned NOT NULL COMMENT '是否退勤',
  `deducted_working_hours` tinyint(1) unsigned NOT NULL COMMENT '被扣工时',
  `commute_exception_type` tinyint(3) NOT NULL COMMENT '异常类型（迟到，早退，没打上班卡，没打下班卡）',
  `remarks` varchar(50) NOT NULL COMMENT '备注',
  `done` tinyint(1) unsigned NOT NULL COMMENT '是否已被处理',
  `gmt_create` datetime NOT NULL COMMENT '创建时间',
  `gmt_modified` datetime NOT NULL COMMENT '最新修改时间',
  `logic_deleted` tinyint(1) unsigned NOT NULL COMMENT '逻辑删除',
  PRIMARY KEY (`id`)
) ENGINE=InnoDB AUTO_INCREMENT=67 DEFAULT CHARSET=utf8 COMMENT='通勤异常记录表';

-- 正在导出表  hrms.t_commute_exception 的数据：~61 rows (大约)
DELETE FROM `t_commute_exception`;
/*!40000 ALTER TABLE `t_commute_exception` DISABLE KEYS */;
INSERT INTO `t_commute_exception` (`id`, `employee_id`, `commute_id`, `witness`, `today`, `to_work_time`, `is_to_work`, `off_work_time`, `is_off_work`, `deducted_working_hours`, `commute_exception_type`, `remarks`, `done`, `gmt_create`, `gmt_modified`, `logic_deleted`) VALUES
	(1, 1, 1, NULL, '2019-03-02', NULL, 0, NULL, 0, 4, 3, '没打上班卡，扣4个工时', 0, '2019-03-03 04:22:48', '2019-03-03 04:22:48', 0),
	(2, 1, 1, NULL, '2019-03-02', NULL, 0, NULL, 0, 4, 4, '没打下班卡，扣4个工时', 0, '2019-03-03 04:22:50', '2019-03-03 04:22:50', 0),
	(3, 3, 4, NULL, '2019-03-02', '07:50:23', 1, NULL, 0, 0, 0, '', 0, '2019-03-03 04:23:02', '2019-03-03 04:23:02', 0),
	(4, 3, 4, NULL, '2019-03-02', '07:50:23', 1, NULL, 0, 4, 4, '没打下班卡，扣4个工时', 1, '2019-03-03 04:23:02', '2019-04-11 10:18:47', 0),
	(5, 4, 5, NULL, '2019-03-02', NULL, 0, '18:11:34', 1, 4, 3, '没打上班卡，扣4个工时', 0, '2019-03-03 04:23:03', '2019-03-03 04:23:03', 0),
	(6, 4, 5, NULL, '2019-03-02', NULL, 0, '18:11:34', 1, 0, 0, '', 0, '2019-03-03 04:23:03', '2019-03-03 04:23:03', 0),
	(7, 5, 6, NULL, '2019-03-02', '08:12:49', 1, '18:11:34', 1, 0, 0, '迟到：0小时12分钟48秒，扣0个工时', 0, '2019-03-03 04:23:04', '2019-03-03 04:23:04', 0),
	(8, 5, 6, NULL, '2019-03-02', '08:12:49', 1, '18:11:34', 1, 0, 0, '', 0, '2019-03-03 04:23:04', '2019-03-03 04:23:04', 0),
	(9, 6, 7, NULL, '2019-03-02', '07:50:23', 1, '17:00:00', 1, 0, 0, '', 0, '2019-03-03 04:23:04', '2019-03-03 04:23:04', 0),
	(10, 6, 7, NULL, '2019-03-02', '07:50:23', 1, '17:00:00', 1, 1, 2, '早退：1小时0分钟0秒，扣1个工时', 0, '2019-03-03 04:23:05', '2019-03-03 04:23:05', 0),
	(11, 7, 8, NULL, '2019-03-02', NULL, 0, '17:00:00', 1, 4, 3, '没打上班卡，扣4个工时', 0, '2019-03-03 04:23:06', '2019-03-03 04:23:06', 0),
	(12, 7, 8, NULL, '2019-03-02', NULL, 0, '17:00:00', 1, 1, 2, '早退：1小时0分钟0秒，扣1个工时', 0, '2019-03-03 04:23:06', '2019-03-03 04:23:06', 0),
	(13, 8, 9, NULL, '2019-03-02', '08:12:49', 1, NULL, 0, 0, 0, '迟到：0小时12分钟48秒，扣0个工时', 0, '2019-03-03 04:23:07', '2019-03-03 04:23:07', 0),
	(14, 8, 9, NULL, '2019-03-02', '08:12:49', 1, NULL, 0, 4, 4, '没打下班卡，扣4个工时', 0, '2019-03-03 04:23:07', '2019-03-03 04:23:07', 0),
	(15, 9, 10, NULL, '2019-03-02', '08:12:49', 1, '17:00:00', 1, 0, 2, '迟到：0小时12分钟48秒，扣0个工时', 0, '2019-03-03 04:23:09', '2019-03-03 04:23:09', 0),
	(16, 9, 10, NULL, '2019-03-02', '08:12:49', 1, '17:00:00', 1, 1, 0, '早退：1小时0分钟0秒，扣1个工时', 0, '2019-03-03 04:23:09', '2019-03-03 04:23:09', 0),
	(17, 1, 39, NULL, '2019-03-03', NULL, 0, NULL, 0, 4, 3, '没打上班卡，扣4个工时', 0, '2019-03-20 16:07:29', '2019-03-20 16:07:29', 0),
	(18, 1, 39, NULL, '2019-03-03', NULL, 0, NULL, 0, 4, 4, '没打下班卡，扣4个工时', 0, '2019-03-20 16:33:59', '2019-03-20 16:33:59', 0),
	(19, 1, 39, NULL, '2019-03-03', NULL, 0, NULL, 0, 4, 4, '没打下班卡，扣4个工时', 0, '2019-03-20 16:34:04', '2019-03-20 16:34:04', 0),
	(20, 1, 39, NULL, '2019-03-03', NULL, 0, NULL, 0, 4, 4, '没打下班卡，扣4个工时', 0, '2019-03-20 16:34:09', '2019-03-20 16:34:09', 0),
	(21, 3, 104, NULL, '2019-03-20', NULL, 0, NULL, 0, 4, 3, '没打上班卡，扣4个工时', 1, '2019-03-20 16:37:17', '2019-04-11 09:28:10', 0),
	(22, 3, 104, NULL, '2019-03-20', NULL, 0, NULL, 0, 4, 4, '没打下班卡，扣4个工时', 1, '2019-03-20 16:37:27', '2019-04-11 09:27:39', 0),
	(23, 4, 105, NULL, '2019-03-20', NULL, 0, NULL, 0, 4, 3, '没打上班卡，扣4个工时', 0, '2019-03-20 16:39:21', '2019-03-20 16:39:21', 0),
	(24, 4, 105, NULL, '2019-03-20', NULL, 0, NULL, 0, 4, 4, '没打下班卡，扣4个工时', 0, '2019-03-20 16:39:26', '2019-03-20 16:39:26', 0),
	(25, 4, 105, NULL, '2019-03-20', NULL, 0, NULL, 0, 4, 3, '没打上班卡，扣4个工时', 0, '2019-03-20 16:39:33', '2019-03-20 16:39:33', 0),
	(26, 5, 106, NULL, '2019-03-20', NULL, 0, NULL, 0, 4, 3, '没打上班卡，扣4个工时', 0, '2019-03-20 16:39:49', '2019-03-20 16:39:49', 0),
	(27, 5, 106, NULL, '2019-03-20', NULL, 0, NULL, 0, 4, 4, '没打下班卡，扣4个工时', 0, '2019-03-20 16:41:10', '2019-03-20 16:41:10', 0),
	(28, 6, 107, NULL, '2019-03-20', NULL, 0, NULL, 0, 4, 3, '没打上班卡，扣4个工时', 0, '2019-03-20 16:41:52', '2019-03-20 16:41:52', 0),
	(29, 7, 108, NULL, '2019-03-20', NULL, 0, NULL, 0, 4, 3, '没打上班卡，扣4个工时', 0, '2019-03-20 16:45:16', '2019-03-20 16:45:16', 0),
	(30, 8, 109, NULL, '2019-03-20', NULL, 0, NULL, 0, 4, 3, '没打上班卡，扣4个工时', 0, '2019-03-20 16:46:38', '2019-03-20 16:46:38', 0),
	(31, 8, 109, NULL, '2019-03-20', NULL, 0, NULL, 0, 4, 4, '没打下班卡，扣4个工时', 0, '2019-03-20 16:46:41', '2019-03-20 16:46:41', 0),
	(32, 9, 110, NULL, '2019-03-20', NULL, 0, NULL, 0, 4, 3, '没打上班卡，扣4个工时', 0, '2019-03-20 16:48:02', '2019-03-20 16:48:02', 0),
	(33, 9, 110, NULL, '2019-03-20', NULL, 0, NULL, 0, 4, 4, '没打下班卡，扣4个工时', 0, '2019-03-20 16:48:03', '2019-03-20 16:48:03', 0),
	(34, 24, 113, NULL, '2019-03-20', NULL, 0, NULL, 0, 4, 3, '没打上班卡，扣4个工时', 0, '2019-03-20 16:48:12', '2019-03-20 16:48:12', 0),
	(35, 25, 114, NULL, '2019-03-20', NULL, 0, NULL, 0, 4, 4, '没打下班卡，扣4个工时', 0, '2019-03-20 16:48:13', '2019-03-20 16:48:13', 0),
	(36, 29, 115, NULL, '2019-03-20', NULL, 0, NULL, 0, 4, 3, '没打上班卡，扣4个工时', 0, '2019-03-20 16:48:14', '2019-03-20 16:48:14', 0),
	(37, 29, 115, NULL, '2019-03-20', NULL, 0, NULL, 0, 4, 4, '没打下班卡，扣4个工时', 0, '2019-03-20 16:48:15', '2019-03-20 16:48:15', 0),
	(38, 4, 132, NULL, '2019-03-22', NULL, 0, NULL, 0, 4, 3, '没打上班卡，扣4个工时', 0, '2019-03-22 08:37:10', '2019-03-22 08:37:10', 0),
	(39, 3, 131, 6, '2019-03-22', NULL, 0, NULL, 0, 4, 3, '没打上班卡，扣4个工时', 1, '2019-03-22 08:37:29', '2019-04-11 09:27:30', 0),
	(40, 3, 256, 6, '2019-04-11', '09:08:12', 1, NULL, 0, 4, 4, '没打下班卡，扣4个工时', 1, '2019-04-11 10:19:26', '2019-04-11 10:21:50', 0),
	(41, 4, 257, NULL, '2019-04-11', NULL, 0, NULL, 0, 4, 3, '没打上班卡，扣4个工时', 0, '2019-04-11 10:19:33', '2019-04-11 10:19:33', 0),
	(42, 3, 256, NULL, '2019-04-11', '09:08:12', 1, NULL, 0, 1, 1, '迟到：1小时8分钟11秒，扣1个工时', 1, '2019-04-11 10:19:34', '2019-04-11 10:20:01', 0),
	(43, 9, 262, NULL, '2019-04-11', NULL, 0, NULL, 0, 4, 3, '没打上班卡，扣4个工时', 0, '2019-04-11 10:22:07', '2019-04-11 10:22:07', 0),
	(44, 10, 263, NULL, '2019-04-11', NULL, 0, NULL, 0, 4, 3, '没打上班卡，扣4个工时', 0, '2019-04-11 10:22:08', '2019-04-11 10:22:08', 0),
	(45, 8, 261, NULL, '2019-04-11', NULL, 0, NULL, 0, 4, 3, '没打上班卡，扣4个工时', 0, '2019-04-11 10:22:09', '2019-04-11 10:22:09', 0),
	(46, 7, 260, NULL, '2019-04-11', NULL, 0, NULL, 0, 4, 3, '没打上班卡，扣4个工时', 0, '2019-04-11 10:22:09', '2019-04-11 10:22:09', 0),
	(47, 3, 242, 2, '2019-04-10', NULL, 0, NULL, 0, 4, 3, '没打上班卡，扣4个工时', 1, '2019-04-11 10:22:22', '2019-04-15 11:32:11', 0),
	(48, 1, 283, NULL, '2019-04-15', NULL, 0, NULL, 0, 4, 3, '没打上班卡，扣4个工时', 0, '2019-04-15 11:32:19', '2019-04-15 11:32:19', 0),
	(49, 3, 284, NULL, '2019-04-15', NULL, 0, NULL, 0, 4, 3, '没打上班卡，扣4个工时', 1, '2019-04-15 11:32:19', '2019-04-15 11:32:33', 0),
	(50, 4, 285, NULL, '2019-04-15', NULL, 0, NULL, 0, 4, 3, '没打上班卡，扣4个工时', 0, '2019-04-15 11:32:20', '2019-04-15 11:32:20', 0),
	(51, 5, 286, NULL, '2019-04-15', NULL, 0, NULL, 0, 4, 3, '没打上班卡，扣4个工时', 0, '2019-04-15 11:32:20', '2019-04-15 11:32:20', 0),
	(52, 6, 287, NULL, '2019-04-15', NULL, 0, NULL, 0, 4, 3, '没打上班卡，扣4个工时', 0, '2019-04-15 11:32:21', '2019-04-15 11:32:21', 0),
	(53, 3, 270, NULL, '2019-04-12', NULL, 0, NULL, 0, 4, 3, '没打上班卡，扣4个工时', 1, '2019-04-15 14:04:44', '2019-04-15 14:05:15', 0),
	(54, 3, 228, NULL, '2019-04-09', NULL, 0, NULL, 0, 4, 3, '没打上班卡，扣4个工时', 1, '2019-04-15 14:06:20', '2019-04-15 14:42:08', 0),
	(55, 1, 283, NULL, '2019-04-15', NULL, 0, NULL, 0, 4, 4, '没打下班卡，扣4个工时', 0, '2019-04-15 15:50:41', '2019-04-15 15:50:41', 0),
	(56, 3, 284, 7, '2019-04-15', NULL, 0, NULL, 0, 4, 4, '没打下班卡，扣4个工时', 1, '2019-04-15 15:50:44', '2019-04-16 08:26:40', 0),
	(57, 4, 285, NULL, '2019-04-15', NULL, 0, NULL, 0, 4, 4, '没打下班卡，扣4个工时', 0, '2019-04-15 15:50:46', '2019-04-15 15:50:46', 0),
	(60, 3, 298, 1, '2019-04-16', '08:33:15', 1, NULL, 1, 1, 1, '迟到：0小时33分钟14秒，扣1个工时', 1, '2019-04-16 09:27:00', '2019-04-16 09:27:27', 0),
	(61, 3, 298, NULL, '2019-04-16', '08:00:01', 1, NULL, 0, 4, 4, '没打下班卡，扣4个工时', 0, '2019-04-17 18:39:27', '2019-04-17 18:39:27', 0),
	(65, 3, 340, NULL, '2019-05-08', '14:30:21', 1, '15:53:02', 1, 6, 1, '迟到：6小时30分钟20秒，扣6个工时', 0, '2019-05-08 16:05:10', '2019-05-08 16:05:10', 0),
	(66, 3, 340, NULL, '2019-05-08', '14:30:21', 1, '15:53:02', 1, 2, 2, '早退：2小时6分钟58秒，扣2个工时', 0, '2019-05-08 16:06:12', '2019-05-08 16:06:12', 0);
/*!40000 ALTER TABLE `t_commute_exception` ENABLE KEYS */;

-- 导出  表 hrms.t_dept 结构
DROP TABLE IF EXISTS `t_dept`;
CREATE TABLE IF NOT EXISTS `t_dept` (
  `id` int(10) unsigned NOT NULL AUTO_INCREMENT COMMENT '主键ID',
  `name` char(20) NOT NULL COMMENT '部门名称',
  `gmt_create` datetime NOT NULL COMMENT '创建时间',
  `gmt_modified` datetime NOT NULL COMMENT '最新修改时间',
  `logic_deleted` tinyint(1) unsigned NOT NULL COMMENT '逻辑删除',
  PRIMARY KEY (`id`),
  UNIQUE KEY `uk_name` (`name`)
) ENGINE=InnoDB AUTO_INCREMENT=5 DEFAULT CHARSET=utf8 COMMENT='部门表';

-- 正在导出表  hrms.t_dept 的数据：~4 rows (大约)
DELETE FROM `t_dept`;
/*!40000 ALTER TABLE `t_dept` DISABLE KEYS */;
INSERT INTO `t_dept` (`id`, `name`, `gmt_create`, `gmt_modified`, `logic_deleted`) VALUES
	(1, '开发部', '2019-10-24 14:09:22', '2019-02-24 14:09:22', 0),
	(2, '运维部', '2019-10-24 14:09:22', '2019-02-24 14:09:22', 0),
	(3, '项目部', '2019-10-24 14:09:22', '2019-02-24 14:09:22', 0),
	(4, '管理部', '2019-10-24 14:09:22', '2019-02-24 14:09:22', 0);
/*!40000 ALTER TABLE `t_dept` ENABLE KEYS */;

-- 导出  表 hrms.t_employee 结构
DROP TABLE IF EXISTS `t_employee`;
CREATE TABLE IF NOT EXISTS `t_employee` (
  `id` int(10) unsigned NOT NULL AUTO_INCREMENT COMMENT '主键ID',
  `name` char(10) NOT NULL COMMENT '员工姓名',
  `tel` char(13) NOT NULL COMMENT '电话',
  `age` tinyint(3) unsigned NOT NULL COMMENT '年龄',
  `gender` tinyint(3) unsigned NOT NULL COMMENT '性别（男、女）',
  `email` varchar(50) DEFAULT NULL COMMENT '邮箱',
  `education` tinyint(3) unsigned NOT NULL COMMENT '学历（大专、本科、硕士、博士）',
  `dept_id` int(10) unsigned NOT NULL COMMENT '部门ID',
  `job_id` int(10) unsigned NOT NULL COMMENT '岗位ID',
  `applicant_id` int(10) unsigned NOT NULL COMMENT '应聘者编号',
  `salary` decimal(10,2) unsigned NOT NULL COMMENT '基础工资',
  `entry_date` date NOT NULL COMMENT '入职时间',
  `working_status` tinyint(3) unsigned NOT NULL COMMENT '就职状态（试用期、在职、休假、出差、离职、退休）',
  `gmt_create` datetime NOT NULL COMMENT '创建时间',
  `gmt_modified` datetime NOT NULL COMMENT '最新修改时间',
  `logic_deleted` tinyint(1) unsigned NOT NULL COMMENT '逻辑删除',
  PRIMARY KEY (`id`),
  UNIQUE KEY `uk_applicant_id` (`applicant_id`)
) ENGINE=InnoDB AUTO_INCREMENT=31 DEFAULT CHARSET=utf8 COMMENT='员工表';

-- 正在导出表  hrms.t_employee 的数据：~15 rows (大约)
DELETE FROM `t_employee`;
/*!40000 ALTER TABLE `t_employee` DISABLE KEYS */;
INSERT INTO `t_employee` (`id`, `name`, `tel`, `age`, `gender`, `email`, `education`, `dept_id`, `job_id`, `applicant_id`, `salary`, `entry_date`, `working_status`, `gmt_create`, `gmt_modified`, `logic_deleted`) VALUES
	(1, '向员工1', '13123456798', 22, 1, 'af2@af.com', 1, 1, 40, 1, 4500.00, '2019-02-28', 0, '2019-03-01 10:19:53', '2019-05-08 13:18:00', 0),
	(2, '汤员工2', '13123456789', 22, 1, 'af2@af.com', 1, 1, 40, 2, 4000.00, '2019-02-28', 3, '2019-03-01 10:19:53', '2019-03-06 22:08:50', 0),
	(3, '吴员工4', '13123456789', 22, 1, 'af2@af.com', 1, 1, 40, 3, 4000.00, '2019-02-28', 1, '2019-03-01 10:19:53', '2019-04-04 09:12:32', 0),
	(4, '杨员工3', '13123456789', 22, 1, 'af2@af.com', 1, 1, 40, 4, 3500.00, '2019-02-28', 0, '2019-03-01 10:19:53', '2019-03-01 11:08:29', 0),
	(5, '邓员工5', '13123456789', 22, 1, 'af2@af.com', 1, 1, 40, 5, 3500.00, '2019-02-28', 0, '2019-03-01 10:19:53', '2019-03-01 11:08:29', 0),
	(6, '莫员工6', '13123456789', 22, 1, 'af2@af.com', 1, 1, 40, 6, 3000.00, '2019-02-28', 0, '2019-03-01 10:19:53', '2019-03-01 11:08:29', 0),
	(7, '陈员工7', '13123456789', 22, 1, 'af2@af.com', 1, 1, 40, 7, 3000.00, '2019-02-28', 0, '2019-03-01 10:19:53', '2019-03-01 11:08:29', 0),
	(8, '向龙飞8', '13123456789', 22, 1, 'af2@af.com', 1, 1, 40, 8, 4500.00, '2019-02-28', 0, '2019-03-01 10:19:53', '2019-03-01 11:08:29', 0),
	(9, '向龙飞9', '13123456789', 22, 1, 'af2@af.com', 1, 1, 40, 9, 4500.00, '2019-02-28', 0, '2019-03-01 10:19:53', '2019-03-01 11:08:29', 0),
	(10, '向龙飞10', '13123456789', 22, 1, 'af2@af.com', 1, 1, 40, 10, 6000.00, '2019-02-28', 1, '2019-03-01 10:19:53', '2019-03-06 22:08:36', 0),
	(20, '向龙飞20', '13123456789', 22, 1, 'af2@af.com', 1, 1, 40, 11, 7000.00, '2019-02-28', 1, '2019-03-01 10:19:53', '2019-03-06 22:08:32', 0),
	(24, '向龙飞24', '13123456789', 22, 0, 'afafafafafafafafafafafafaf@af.com', 0, 2, 16, 12, 5500.00, '2019-03-19', 0, '2019-03-19 14:07:50', '2019-03-19 14:07:50', 0),
	(25, '向龙飞25', '13123456789', 22, 0, 'afafafafafafafafafafafafaf@af.com', 0, 2, 16, 13, 5500.00, '2019-03-19', 0, '2019-03-19 14:12:05', '2019-03-19 14:12:05', 0),
	(29, '向龙飞29', '13123456789', 22, 0, 'afafafafafafafafafafafafaf@af.com', 0, 2, 16, 14, 5500.00, '2019-03-19', 0, '2019-03-19 14:25:55', '2019-04-10 16:49:24', 0),
	(30, '向龙飞30', '13123456789', 22, 0, NULL, 0, 2, 16, 17, 5500.00, '2019-03-20', 0, '2019-03-20 19:06:05', '2019-03-20 19:06:05', 0);
/*!40000 ALTER TABLE `t_employee` ENABLE KEYS */;

-- 导出  表 hrms.t_interview_result 结构
DROP TABLE IF EXISTS `t_interview_result`;
CREATE TABLE IF NOT EXISTS `t_interview_result` (
  `id` int(10) unsigned NOT NULL AUTO_INCREMENT COMMENT '主键ID',
  `applicant_id` int(10) unsigned NOT NULL COMMENT '应聘者ID',
  `recruitment_id` int(10) unsigned NOT NULL COMMENT '招聘计划ID',
  `mark` tinyint(3) unsigned NOT NULL COMMENT '分数',
  `appraisal` varchar(255) NOT NULL COMMENT '评价',
  `interviewer_id` int(10) unsigned NOT NULL COMMENT '面试官ID',
  `gmt_create` datetime NOT NULL COMMENT '创建时间',
  `gmt_modified` datetime NOT NULL COMMENT '最新修改时间',
  `logic_deleted` tinyint(1) unsigned NOT NULL COMMENT '逻辑删除',
  PRIMARY KEY (`id`),
  UNIQUE KEY `uk_applicant_id_recruitment_id` (`applicant_id`,`recruitment_id`)
) ENGINE=InnoDB AUTO_INCREMENT=6 DEFAULT CHARSET=utf8 COMMENT='面试结果表';

-- 正在导出表  hrms.t_interview_result 的数据：~3 rows (大约)
DELETE FROM `t_interview_result`;
/*!40000 ALTER TABLE `t_interview_result` DISABLE KEYS */;
INSERT INTO `t_interview_result` (`id`, `applicant_id`, `recruitment_id`, `mark`, `appraisal`, `interviewer_id`, `gmt_create`, `gmt_modified`, `logic_deleted`) VALUES
	(1, 1, 2, 70, '基础扎实\n2', 20, '2019-03-18 15:45:01', '2019-03-18 18:32:19', 0),
	(4, 5, 2, 60, '及格', 0, '2019-03-18 18:52:22', '2019-03-18 18:57:24', 0),
	(5, 15, 2, 60, '基础差，及格', 20, '2019-04-03 10:41:57', '2019-04-03 10:41:57', 0);
/*!40000 ALTER TABLE `t_interview_result` ENABLE KEYS */;

-- 导出  表 hrms.t_job 结构
DROP TABLE IF EXISTS `t_job`;
CREATE TABLE IF NOT EXISTS `t_job` (
  `id` int(10) unsigned NOT NULL AUTO_INCREMENT COMMENT '主键ID',
  `dept_id` int(10) unsigned NOT NULL COMMENT '岗位ID',
  `name` char(20) NOT NULL COMMENT '岗位名称',
  `basic_salary` decimal(10,2) unsigned NOT NULL COMMENT '基础薪资',
  `level` char(3) NOT NULL COMMENT '职务级别',
  `gmt_create` datetime NOT NULL COMMENT '创建时间',
  `gmt_modified` datetime NOT NULL COMMENT '最新修改时间',
  `logic_deleted` tinyint(1) unsigned NOT NULL COMMENT '逻辑删除',
  PRIMARY KEY (`id`),
  UNIQUE KEY `uk_dept_id_name` (`dept_id`,`name`)
) ENGINE=InnoDB AUTO_INCREMENT=41 DEFAULT CHARSET=utf8 COMMENT='岗位表';

-- 正在导出表  hrms.t_job 的数据：~33 rows (大约)
DELETE FROM `t_job`;
/*!40000 ALTER TABLE `t_job` DISABLE KEYS */;
INSERT INTO `t_job` (`id`, `dept_id`, `name`, `basic_salary`, `level`, `gmt_create`, `gmt_modified`, `logic_deleted`) VALUES
	(1, 1, '总经理', 15000.00, '8层', '2019-10-24 18:31:47', '2019-02-24 18:31:47', 0),
	(2, 1, '副总工程师', 13000.00, '7层', '2019-10-24 18:31:47', '2019-02-24 18:31:47', 0),
	(3, 1, '开发部长', 11000.00, '6层', '2019-10-24 18:31:47', '2019-02-24 18:31:47', 0),
	(4, 1, '系统开发工程师', 9000.00, '5层', '2019-10-24 18:31:47', '2019-02-24 18:31:47', 0),
	(5, 1, '系统开发助理工程师', 7000.00, '4层', '2019-10-24 18:31:47', '2019-02-24 18:31:47', 0),
	(6, 1, '系统开发技术员', 5500.00, '3层', '2019-10-24 18:31:47', '2019-02-24 18:31:47', 0),
	(7, 1, '系统开发技工', 3500.00, '2层', '2019-10-24 18:31:47', '2019-02-24 18:31:47', 0),
	(8, 1, '员工', 2500.00, '1层', '2019-10-24 18:31:47', '2019-02-24 18:31:47', 0),
	(9, 2, '运维部长', 11000.00, '6层', '2019-10-24 18:31:47', '2019-02-24 18:31:47', 0),
	(10, 2, '运维开发工程师', 9000.00, '5层', '2019-02-24 18:31:47', '2019-02-24 18:31:47', 0),
	(11, 2, '运维开发助理工程师', 7000.00, '4层', '2019-02-24 18:31:47', '2019-02-24 18:31:47', 0),
	(12, 2, '运维开发技术员', 5500.00, '3层', '2019-02-24 18:31:47', '2019-02-24 18:31:47', 0),
	(13, 2, '运维开发技工', 3500.00, '2层', '2019-02-24 18:31:47', '2019-02-24 18:31:47', 0),
	(14, 2, '网络工程师', 9000.00, '5层', '2019-02-24 18:31:47', '2019-02-24 18:31:47', 0),
	(15, 2, '网络助理工程师', 7000.00, '4层', '2019-02-24 18:31:47', '2019-02-24 18:31:47', 0),
	(16, 2, '网络技术员', 5500.00, '3层', '2019-02-24 18:31:47', '2019-02-24 18:31:47', 0),
	(17, 2, '网络技工', 3500.00, '2层', '2019-02-24 18:31:47', '2019-02-24 18:31:47', 0),
	(18, 2, '员工', 2500.00, '1层', '2019-10-24 18:31:47', '2019-02-24 18:31:47', 0),
	(19, 3, '项目部长', 11000.00, '6层', '2019-02-24 18:31:47', '2019-02-24 18:31:47', 0),
	(20, 3, '系统推进工程师', 9000.00, '5层', '2019-02-24 18:31:47', '2019-02-24 18:31:47', 0),
	(21, 3, '系统推进助理工程师', 7000.00, '4层', '2019-02-24 18:31:47', '2019-02-24 18:31:47', 0),
	(22, 3, '系统推进技术员', 5500.00, '3层', '2019-02-24 18:31:47', '2019-02-24 18:31:47', 0),
	(23, 3, '系统推进技工', 3500.00, '2层', '2019-02-24 18:31:47', '2019-02-24 18:31:47', 0),
	(24, 3, '员工', 2500.00, '1层', '2019-02-24 18:31:47', '2019-02-24 18:31:47', 0),
	(25, 3, '销售专员', 4500.00, '3层', '2019-02-24 18:31:47', '2019-02-24 18:31:47', 0),
	(26, 4, '管理部长', 11000.00, '6层', '2019-02-24 18:31:47', '2019-02-24 18:31:47', 0),
	(27, 4, 'HR主管', 7000.00, '4层', '2019-02-24 18:31:47', '2019-02-24 18:31:47', 0),
	(28, 4, '庶务主管', 7000.00, '4层', '2019-02-24 18:31:47', '2019-02-24 18:31:47', 0),
	(29, 4, 'HR管理员', 5500.00, '3层', '2019-02-24 18:31:47', '2019-02-24 18:31:47', 0),
	(30, 4, '庶务管理员', 5500.00, '3层', '2019-02-24 18:31:47', '2019-02-24 18:31:47', 0),
	(31, 4, '招聘专员', 3500.00, '2层', '2019-02-24 18:31:47', '2019-02-24 18:31:47', 0),
	(32, 4, '庶务专员', 3500.00, '2层', '2019-02-24 18:31:47', '2019-02-24 18:31:47', 0),
	(40, 1, '大学实习生', 4500.00, '0层', '2019-02-24 18:31:47', '2019-02-24 18:31:47', 0);
/*!40000 ALTER TABLE `t_job` ENABLE KEYS */;

-- 导出  表 hrms.t_leave 结构
DROP TABLE IF EXISTS `t_leave`;
CREATE TABLE IF NOT EXISTS `t_leave` (
  `id` int(10) unsigned NOT NULL AUTO_INCREMENT COMMENT '主键ID',
  `employee_id` int(10) unsigned NOT NULL COMMENT '员工编号',
  `date_from` datetime NOT NULL COMMENT '从哪个时间',
  `date_to` datetime NOT NULL COMMENT '到哪个时间',
  `hours_of_leave` smallint(5) unsigned NOT NULL COMMENT '总工时数',
  `type_of_leave` tinyint(3) unsigned NOT NULL COMMENT '请假类型（事假，病假，生理假，婚假，产假，年假）',
  `reason` varchar(100) NOT NULL COMMENT '请假事由',
  `is_reviewed` tinyint(1) unsigned NOT NULL COMMENT '是否审核',
  `gmt_create` datetime NOT NULL COMMENT '创建时间',
  `gmt_modified` datetime NOT NULL COMMENT '最新修改时间',
  `logic_deleted` tinyint(1) unsigned NOT NULL COMMENT '逻辑删除',
  PRIMARY KEY (`id`)
) ENGINE=InnoDB AUTO_INCREMENT=5 DEFAULT CHARSET=utf8 COMMENT='请假记录表';

-- 正在导出表  hrms.t_leave 的数据：~3 rows (大约)
DELETE FROM `t_leave`;
/*!40000 ALTER TABLE `t_leave` DISABLE KEYS */;
INSERT INTO `t_leave` (`id`, `employee_id`, `date_from`, `date_to`, `hours_of_leave`, `type_of_leave`, `reason`, `is_reviewed`, `gmt_create`, `gmt_modified`, `logic_deleted`) VALUES
	(2, 3, '2019-10-22 08:00:00', '2019-10-22 17:00:00', 8, 0, '请假', 1, '2019-10-22 14:51:22', '2019-10-22 16:26:28', 0),
	(3, 3, '2019-11-22 08:00:00', '2019-11-25 17:00:00', 16, 1, '0', 1, '2019-11-22 14:54:02', '2019-11-08 16:09:42', 0),
	(4, 3, '2019-12-15 08:00:00', '2019-12-16 17:00:00', 8, 0, '测试', 0, '2019-12-12 14:08:25', '2019-12-12 14:08:25', 0);
/*!40000 ALTER TABLE `t_leave` ENABLE KEYS */;

-- 导出  表 hrms.t_monthly_salary 结构
DROP TABLE IF EXISTS `t_monthly_salary`;
CREATE TABLE IF NOT EXISTS `t_monthly_salary` (
  `id` int(10) unsigned NOT NULL AUTO_INCREMENT COMMENT '主键ID',
  `employee_id` int(10) unsigned NOT NULL COMMENT '员工ID',
  `year` char(4) NOT NULL COMMENT '年份',
  `month` char(2) NOT NULL COMMENT '月份',
  `days_of_working` char(2) NOT NULL COMMENT '应工作天数',
  `hours_of_working` tinyint(3) unsigned NOT NULL COMMENT '应上班工时',
  `days_of_attendance` char(2) NOT NULL COMMENT '实际出勤天数',
  `days_of_absence` char(2) NOT NULL COMMENT '缺勤天数',
  `hours_of_worked` tinyint(3) unsigned NOT NULL COMMENT '实际上班工时',
  `hours_of_overtime` tinyint(3) unsigned DEFAULT NULL COMMENT '加班工时',
  `salary` decimal(10,2) unsigned NOT NULL COMMENT '最终工资',
  `is_reviewed` tinyint(1) unsigned NOT NULL COMMENT '是否已审核',
  `gmt_create` datetime NOT NULL COMMENT '创建时间',
  `gmt_modified` datetime NOT NULL COMMENT '最新修改时间',
  `logic_deleted` tinyint(1) unsigned NOT NULL COMMENT '逻辑删除',
  PRIMARY KEY (`id`)
) ENGINE=InnoDB AUTO_INCREMENT=32 DEFAULT CHARSET=utf8 COMMENT='月薪资表';

-- 正在导出表  hrms.t_monthly_salary 的数据：~15 rows (大约)
DELETE FROM `t_monthly_salary`;
/*!40000 ALTER TABLE `t_monthly_salary` DISABLE KEYS */;
INSERT INTO `t_monthly_salary` (`id`, `employee_id`, `year`, `month`, `days_of_working`, `hours_of_working`, `days_of_attendance`, `days_of_absence`, `hours_of_worked`, `hours_of_overtime`, `salary`, `is_reviewed`, `gmt_create`, `gmt_modified`, `logic_deleted`) VALUES
	(17, 1, '2019', '11', '22', 176, '9', '13', 64, 0, 1636.48, 0, '2019-04-26 14:05:57', '2019-04-26 14:22:14', 0),
	(18, 2, '2019', '11', '22', 176, '0', '22', 0, 0, 0.00, 0, '2019-04-26 14:05:57', '2019-04-26 14:22:14', 0),
	(19, 3, '2019', '11', '22', 176, '8', '14', 34, 0, 772.82, 0, '2019-04-26 14:05:57', '2019-04-26 14:22:14', 0),
	(20, 4, '2019', '11', '22', 176, '9', '13', 60, 0, 1193.40, 0, '2019-04-26 14:05:57', '2019-04-26 14:22:14', 0),
	(21, 5, '2019', '11', '22', 176, '9', '13', 68, 0, 1352.52, 0, '2019-04-26 14:05:57', '2019-04-26 14:22:14', 0),
	(22, 6, '2019', '11', '22', 176, '9', '13', 68, 0, 1159.40, 0, '2019-04-26 14:05:57', '2019-04-26 14:22:14', 0),
	(23, 7, '2019', '11', '22', 176, '9', '13', 68, 0, 1159.40, 0, '2019-04-26 14:05:57', '2019-04-26 14:22:14', 0),
	(24, 8, '2019', '11', '22', 176, '9', '13', 68, 0, 1738.76, 0, '2019-04-26 14:05:57', '2019-04-26 14:22:14', 0),
	(25, 9, '2019', '4', '22', 176, '9', '13', 68, 0, 1738.76, 0, '2019-04-26 14:05:57', '2019-04-26 14:22:14', 0),
	(26, 10, '2019', '4', '22', 176, '9', '13', 68, 0, 2318.12, 0, '2019-04-26 14:05:57', '2019-04-26 14:22:14', 0),
	(27, 20, '2019', '4', '22', 176, '9', '13', 72, 0, 2863.44, 0, '2019-04-26 14:05:57', '2019-04-26 14:22:31', 0),
	(28, 24, '2019', '4', '22', 176, '9', '13', 72, 0, 2250.00, 0, '2019-04-26 14:05:57', '2019-04-26 14:22:31', 0),
	(29, 25, '2019', '4', '22', 176, '9', '13', 72, 0, 2250.00, 0, '2019-04-26 14:05:57', '2019-04-26 14:22:31', 0),
	(30, 29, '2019', '4', '22', 176, '9', '13', 72, 0, 2250.00, 0, '2019-04-26 14:05:57', '2019-04-26 14:22:31', 0),
	(31, 30, '2019', '4', '22', 176, '9', '13', 72, 0, 2250.00, 0, '2019-04-26 14:05:57', '2019-04-26 14:22:31', 0);
/*!40000 ALTER TABLE `t_monthly_salary` ENABLE KEYS */;

-- 导出  表 hrms.t_recruitment 结构
DROP TABLE IF EXISTS `t_recruitment`;
CREATE TABLE IF NOT EXISTS `t_recruitment` (
  `id` int(10) unsigned NOT NULL AUTO_INCREMENT COMMENT '主键ID',
  `dept_id` int(10) unsigned NOT NULL COMMENT '部门ID',
  `job_id` int(10) unsigned NOT NULL COMMENT '岗位ID',
  `type_of_working` tinyint(3) unsigned NOT NULL COMMENT '职位类型（全职、兼职、其他）',
  `years_of_working` tinyint(1) unsigned NOT NULL COMMENT '工作年限',
  `number_of` smallint(5) unsigned NOT NULL COMMENT '岗位需求数',
  `address_of_working` char(30) NOT NULL COMMENT '工作地区',
  `education` tinyint(3) unsigned NOT NULL COMMENT '学历要求（大专、本科、硕士、博士）',
  `requirement` varchar(800) NOT NULL COMMENT '详细要求',
  `is_reviewed` tinyint(1) unsigned NOT NULL COMMENT '是否已审核',
  `is_finished` tinyint(1) unsigned NOT NULL COMMENT '是否已完成',
  `gmt_create` datetime NOT NULL COMMENT '创建时间',
  `gmt_modified` datetime NOT NULL COMMENT '最新修改时间',
  `logic_deleted` tinyint(1) unsigned NOT NULL COMMENT '逻辑删除',
  PRIMARY KEY (`id`)
) ENGINE=InnoDB AUTO_INCREMENT=26 DEFAULT CHARSET=utf8 COMMENT='招聘计划表';

-- 正在导出表  hrms.t_recruitment 的数据：~24 rows (大约)
DELETE FROM `t_recruitment`;
/*!40000 ALTER TABLE `t_recruitment` DISABLE KEYS */;
INSERT INTO `t_recruitment` (`id`, `dept_id`, `job_id`, `type_of_working`, `years_of_working`, `number_of`, `address_of_working`, `education`, `requirement`, `is_reviewed`, `is_finished`, `gmt_create`, `gmt_modified`, `logic_deleted`) VALUES
	(1, 1, 2, 0, 1, 2, '广东清远', 0, '软件设计师', 1, 1, '2019-03-15 15:37:29', '2019-03-16 13:20:59', 1),
	(2, 2, 16, 0, 1, 3, '广东珠海', 1, '哈哈哈哈哈哈', 1, 0, '2019-03-15 15:48:57', '2019-05-07 16:30:27', 0),
	(3, 2, 16, 0, 1, 3, '广东珠海', 1, '哈哈哈哈哈哈', 1, 0, '2019-03-15 15:48:57', '2019-03-18 13:45:56', 0),
	(4, 2, 16, 0, 2, 5, '广东珠海', 1, '哈', 1, 1, '2019-03-15 15:48:57', '2019-03-18 14:06:39', 0),
	(5, 2, 16, 0, 1, 3, '广东珠海', 1, '哈哈哈哈哈哈', 0, 0, '2019-03-15 15:48:57', '2019-04-17 18:33:26', 0),
	(6, 2, 16, 0, 1, 3, '广东珠海', 1, '哈哈哈哈哈哈', 0, 0, '2019-03-15 15:48:57', '2019-03-16 14:33:35', 0),
	(7, 2, 16, 0, 1, 3, '广东珠海', 1, '哈哈哈哈哈哈', 0, 0, '2019-03-15 15:48:57', '2019-03-16 14:33:35', 0),
	(8, 2, 16, 0, 1, 3, '广东珠海', 1, '哈哈哈哈哈哈', 0, 0, '2019-03-15 15:48:57', '2019-04-17 18:33:37', 0),
	(9, 2, 16, 0, 1, 3, '广东珠海', 1, '哈哈哈哈哈哈', 0, 0, '2019-03-15 15:48:57', '2019-03-16 14:33:35', 0),
	(10, 2, 16, 0, 1, 3, '广东珠海', 1, '哈哈哈哈哈哈', 0, 0, '2019-03-15 15:48:57', '2019-03-16 14:33:35', 0),
	(11, 2, 16, 0, 1, 3, '广东珠海', 1, '哈哈哈哈哈哈', 0, 0, '2019-03-15 15:48:57', '2019-03-16 14:33:35', 0),
	(12, 2, 16, 0, 1, 3, '广东珠海', 1, '哈哈哈哈哈哈', 0, 0, '2019-03-15 15:48:57', '2019-03-16 14:33:35', 0),
	(13, 2, 16, 0, 1, 3, '广东珠海', 1, '哈哈哈哈哈哈', 0, 0, '2019-03-15 15:48:57', '2019-03-16 14:33:35', 0),
	(14, 2, 16, 0, 1, 3, '广东珠海', 1, '哈哈哈哈哈哈', 0, 0, '2019-03-15 15:48:57', '2019-03-16 14:33:35', 0),
	(15, 2, 16, 0, 1, 3, '广东珠海', 1, '哈哈哈哈哈哈', 0, 0, '2019-03-15 15:48:57', '2019-03-16 14:33:35', 0),
	(16, 2, 16, 0, 1, 3, '广东珠海', 1, '哈哈哈哈哈哈', 0, 0, '2019-03-15 15:48:57', '2019-03-16 14:33:35', 0),
	(17, 2, 16, 0, 1, 3, '广东珠海', 1, '哈哈哈哈哈哈', 0, 0, '2019-03-15 15:48:57', '2019-03-16 14:33:35', 0),
	(18, 2, 16, 0, 1, 3, '广东珠海', 1, '哈哈哈哈哈哈', 0, 0, '2019-03-15 15:48:57', '2019-03-16 14:33:35', 0),
	(19, 2, 16, 0, 1, 3, '广东珠海', 1, '哈哈哈哈哈哈', 0, 0, '2019-03-15 15:48:57', '2019-03-16 14:33:35', 0),
	(20, 2, 16, 0, 1, 3, '广东珠海', 1, '哈哈哈哈哈哈', 1, 0, '2019-03-15 15:48:57', '2019-03-16 14:35:45', 0),
	(21, 2, 16, 0, 1, 3, '广东珠海', 1, '哈哈哈哈哈哈', 0, 0, '2019-03-15 15:48:57', '2019-03-16 14:33:35', 1),
	(22, 1, 40, 0, 0, 3, '广东', 0, '大专毕业', 0, 0, '2019-04-04 10:45:33', '2019-04-04 10:45:33', 0),
	(23, 3, 22, 0, 1, 2, '广东东莞', 0, '1.一年以上工作经验\n2.具有良好的沟通能力', 0, 0, '2019-04-16 15:29:02', '2019-04-16 15:29:02', 0),
	(24, 1, 2, 0, 11, 2, 'g', 0, 'g', 0, 0, '2019-04-17 18:27:21', '2019-04-17 18:27:21', 0),
	(25, 1, 1, 0, 1, 1, '广东', 1, '测试', 0, 0, '2019-05-11 09:47:59', '2019-05-11 09:47:59', 1);
/*!40000 ALTER TABLE `t_recruitment` ENABLE KEYS */;

-- 导出  表 hrms.t_reimbursement 结构
DROP TABLE IF EXISTS `t_reimbursement`;
CREATE TABLE IF NOT EXISTS `t_reimbursement` (
  `id` int(10) unsigned NOT NULL AUTO_INCREMENT COMMENT '主键ID',
  `employee_id` int(10) unsigned NOT NULL COMMENT '员工ID',
  `business_trip_id` int(10) unsigned DEFAULT NULL COMMENT '出差记录ID',
  `time` datetime DEFAULT NULL COMMENT '报销事件时间',
  `loan` decimal(10,2) unsigned NOT NULL COMMENT '借款',
  `expenses` decimal(10,2) unsigned NOT NULL COMMENT '花费',
  `debt` decimal(10,2) unsigned NOT NULL COMMENT '应还款',
  `reimbursements` decimal(10,2) unsigned NOT NULL COMMENT '报销',
  `description` varchar(500) NOT NULL COMMENT '表述',
  `is_reviewed` tinyint(1) unsigned NOT NULL COMMENT '是否已审核',
  `is_verified` tinyint(1) unsigned NOT NULL COMMENT '是否已复核',
  `is_finished` tinyint(1) unsigned NOT NULL COMMENT '是否已完成',
  `gmt_create` datetime NOT NULL COMMENT '创建时间',
  `gmt_modified` datetime NOT NULL COMMENT '最新修改时间',
  `logic_deleted` tinyint(1) unsigned NOT NULL COMMENT '逻辑删除',
  PRIMARY KEY (`id`)
) ENGINE=InnoDB AUTO_INCREMENT=23 DEFAULT CHARSET=utf8 COMMENT='报销记录表';

-- 正在导出表  hrms.t_reimbursement 的数据：~17 rows (大约)
DELETE FROM `t_reimbursement`;
/*!40000 ALTER TABLE `t_reimbursement` DISABLE KEYS */;
INSERT INTO `t_reimbursement` (`id`, `employee_id`, `business_trip_id`, `time`, `loan`, `expenses`, `debt`, `reimbursements`, `description`, `is_reviewed`, `is_verified`, `is_finished`, `gmt_create`, `gmt_modified`, `logic_deleted`) VALUES
	(6, 3, 4, NULL, 0.00, 1000.00, 0.00, 0.00, '测试', 0, 0, 0, '2019-11-28 09:50:38', '2019-03-28 09:50:38', 0),
	(7, 3, 4, NULL, 3000.00, 200.00, 2800.00, 0.00, 'cs', 0, 0, 0, '2019-11-28 10:21:03', '2019-03-28 10:21:03', 0),
	(8, 3, 4, NULL, 3000.00, 20000.00, 0.00, 0.00, 'cs', 0, 0, 0, '2019-11-28 10:22:39', '2019-03-28 10:22:39', 0),
	(9, 3, 4, NULL, 3000.00, 3200.00, 0.00, 200.00, '0', 1, 1, 0, '2019-11-28 10:23:16', '2019-03-28 10:23:16', 0),
	(10, 3, 4, NULL, 3000.00, 3000.00, 0.00, 0.00, '测试测试测试测试测试测试测试测试测试测试测试测试测试测试测试测试测试测试测试测试测试测试测试测试测试测试测试测试测试测试测试测试测试测试测试测试测试测试测试测试测试测试测试测试测试测试测试测试测试测试测试测试测试测试测试测试测试测试测试测试测试测试测试测试测试测试测试测试测试测试测试测试', 1, 1, 0, '2019-11-28 10:26:26', '2019-03-28 10:26:26', 0),
	(11, 3, 4, NULL, 3000.00, 200.00, 2800.00, 0.00, '0', 0, 0, 0, '2019-11-28 10:35:29', '2019-03-28 10:35:29', 0),
	(12, 3, 4, NULL, 3000.00, 200.00, 2800.00, 0.00, '0', 0, 0, 0, '2019-11-28 10:36:54', '2019-03-28 10:36:54', 0),
	(13, 3, 4, NULL, 3000.00, 200.00, 2800.00, 0.00, '测试', 0, 0, 0, '2019-11-28 10:41:13', '2019-03-28 10:41:13', 0),
	(14, 3, 4, NULL, 3000.00, 2000.00, 1000.00, 0.00, '0', 0, 0, 0, '2019-03-28 10:43:03', '2019-03-28 10:43:03', 0),
	(15, 3, 4, NULL, 3000.00, 0.00, 3000.00, 0.00, '0', 0, 0, 0, '2019-03-28 11:02:18', '2019-03-28 11:02:18', 0),
	(16, 3, 1, NULL, 1000.00, 200.00, 800.00, 0.00, '0', 0, 0, 0, '2019-03-28 11:02:53', '2019-03-28 11:02:53', 0),
	(17, 3, NULL, '2019-03-28 11:51:39', 0.00, 200.00, 0.00, 200.00, '测试', 0, 0, 0, '2019-03-28 13:54:02', '2019-03-28 13:54:02', 0),
	(18, 3, NULL, '2019-03-28 11:51:39', 0.00, 200.00, 0.00, 200.00, '测试', 0, 0, 0, '2019-03-28 13:58:29', '2019-03-28 13:58:29', 0),
	(19, 3, 5, NULL, 3000.00, 2500.00, 500.00, 0.00, 'cscscscscscscs', 0, 0, 0, '2019-04-04 09:11:38', '2019-04-04 09:11:38', 0),
	(20, 3, NULL, '2019-04-01 00:00:00', 0.00, 200.00, 0.00, 200.00, '接待客户', 0, 0, 0, '2019-04-04 09:15:34', '2019-04-04 09:15:34', 0),
	(21, 3, NULL, '2019-04-04 09:17:27', 0.00, 200.00, 0.00, 200.00, '测试', 0, 0, 0, '2019-04-04 09:17:34', '2019-04-04 09:17:34', 0),
	(22, 3, NULL, '2019-05-01 00:00:00', 0.00, 200.00, 0.00, 200.00, '测试', 0, 0, 0, '2019-05-08 16:43:35', '2019-05-08 16:43:35', 0);
/*!40000 ALTER TABLE `t_reimbursement` ENABLE KEYS */;

-- 导出  表 hrms.t_reimbursement_picture 结构
DROP TABLE IF EXISTS `t_reimbursement_picture`;
CREATE TABLE IF NOT EXISTS `t_reimbursement_picture` (
  `id` int(10) unsigned NOT NULL AUTO_INCREMENT,
  `path` varchar(255) NOT NULL,
  `reimbursement_id` int(10) unsigned NOT NULL,
  `gmt_create` datetime NOT NULL,
  `gmt_modified` datetime NOT NULL,
  `logic_deleted` tinyint(1) unsigned NOT NULL,
  PRIMARY KEY (`id`)
) ENGINE=InnoDB AUTO_INCREMENT=16 DEFAULT CHARSET=utf8 COMMENT='报销凭证照片表';

-- 正在导出表  hrms.t_reimbursement_picture 的数据：~15 rows (大约)
DELETE FROM `t_reimbursement_picture`;
/*!40000 ALTER TABLE `t_reimbursement_picture` DISABLE KEYS */;
INSERT INTO `t_reimbursement_picture` (`id`, `path`, `reimbursement_id`, `gmt_create`, `gmt_modified`, `logic_deleted`) VALUES
	(1, '2019-3-28-9-50-38-1.jpg', 6, '2019-03-28 09:50:38', '2019-03-28 09:50:38', 0),
	(2, '2019-3-28-10-21-9-1.jpg', 7, '2019-03-28 10:21:10', '2019-03-28 10:21:10', 0),
	(3, '2019-3-28-10-21-11-2.jpg', 7, '2019-03-28 10:21:12', '2019-03-28 10:21:12', 0),
	(4, '2019-3-28-10-22-39-1.jpg', 8, '2019-03-28 10:22:39', '2019-03-28 10:22:39', 0),
	(5, '2019-3-28-10-22-39-2.jpg', 8, '2019-03-28 10:22:39', '2019-03-28 10:22:39', 0),
	(6, '2019-3-28-10-23-16-2.jpg', 9, '2019-03-28 10:23:16', '2019-03-28 10:23:16', 0),
	(7, '2019-3-28-10-26-26-1491982199964428.jpg', 10, '2019-03-28 10:26:26', '2019-03-28 10:26:26', 0),
	(8, '2019-3-28-13-54-1-2.jpg', 17, '2019-03-28 13:54:02', '2019-03-28 13:54:02', 0),
	(9, '2019-3-28-13-54-2-1.jpg', 17, '2019-03-28 13:54:02', '2019-03-28 13:54:02', 0),
	(10, '2019-3-28-13-58-28-2.jpg', 18, '2019-03-28 13:58:29', '2019-03-28 13:58:29', 0),
	(11, '2019-3-28-13-58-28-1.jpg', 18, '2019-03-28 13:58:29', '2019-03-28 13:58:29', 0),
	(12, '2019-4-4-9-11-38-微信图片_20190403173434.jpg', 19, '2019-04-04 09:11:38', '2019-04-04 09:11:38', 0),
	(13, '2019-4-4-9-15-33-b.png', 20, '2019-04-04 09:15:34', '2019-04-04 09:15:34', 0),
	(14, '2019-4-4-9-17-34-微信图片_20190312154508.jpg', 21, '2019-04-04 09:17:34', '2019-04-04 09:17:34', 0),
	(15, '2019-5-8-16-43-34-e25e538d924219472a0af1e6e5961b5.png', 22, '2019-05-08 16:43:35', '2019-05-08 16:43:35', 0);
/*!40000 ALTER TABLE `t_reimbursement_picture` ENABLE KEYS */;

-- 导出  表 hrms.t_sys_commute 结构
DROP TABLE IF EXISTS `t_sys_commute`;
CREATE TABLE IF NOT EXISTS `t_sys_commute` (
  `id` int(10) unsigned NOT NULL AUTO_INCREMENT COMMENT '主键ID',
  `start_time` time NOT NULL COMMENT '上午上班时间',
  `pause_time` time NOT NULL COMMENT '中午下班时间',
  `resume_time` time NOT NULL COMMENT '中午上班时间',
  `end_time` time NOT NULL COMMENT '下午上班时间',
  `overtime` time NOT NULL COMMENT '加班开始时间',
  `default_overtime_hours` tinyint(1) unsigned NOT NULL,
  `enabled` tinyint(1) unsigned NOT NULL COMMENT '是否启用',
  `gmt_create` datetime NOT NULL COMMENT '创建时间',
  `gmt_modified` datetime NOT NULL COMMENT '最新修改时间',
  `logic_deleted` tinyint(1) unsigned NOT NULL COMMENT '逻辑删除',
  PRIMARY KEY (`id`)
) ENGINE=InnoDB AUTO_INCREMENT=9 DEFAULT CHARSET=utf8 COMMENT='通勤设置表';

-- 正在导出表  hrms.t_sys_commute 的数据：~8 rows (大约)
DELETE FROM `t_sys_commute`;
/*!40000 ALTER TABLE `t_sys_commute` DISABLE KEYS */;
INSERT INTO `t_sys_commute` (`id`, `start_time`, `pause_time`, `resume_time`, `end_time`, `overtime`, `default_overtime_hours`, `enabled`, `gmt_create`, `gmt_modified`, `logic_deleted`) VALUES
	(1, '08:00:00', '12:00:00', '13:00:00', '17:00:00', '18:00:00', 2, 0, '2019-03-01 23:55:04', '2019-03-02 13:44:32', 1),
	(2, '08:30:00', '12:30:00', '13:30:00', '17:30:00', '18:30:00', 2, 0, '2019-03-01 23:55:48', '2019-03-01 23:55:48', 1),
	(3, '08:34:17', '09:34:17', '08:34:17', '09:34:17', '20:30:00', 2, 0, '2019-03-02 11:46:16', '2019-03-02 11:46:16', 1),
	(4, '08:40:00', '09:40:00', '08:40:00', '09:40:00', '19:40:00', 2, 0, '2019-03-02 12:00:27', '2019-03-02 13:44:13', 1),
	(5, '06:30:00', '10:30:00', '13:00:00', '16:30:00', '18:00:00', 2, 0, '2019-03-02 12:20:39', '2019-03-02 13:45:24', 1),
	(6, '06:30:00', '11:15:00', '13:15:00', '16:00:00', '18:00:00', 2, 0, '2019-03-02 12:23:34', '2019-03-02 12:23:34', 1),
	(7, '08:00:01', '14:00:00', '15:00:00', '18:00:00', '19:00:00', 2, 1, '2019-03-02 12:38:21', '2019-03-05 14:58:15', 0),
	(8, '06:30:00', '10:30:00', '13:00:00', '15:30:00', '18:00:00', 2, 0, '2019-03-02 12:59:28', '2019-03-05 14:58:15', 0);
/*!40000 ALTER TABLE `t_sys_commute` ENABLE KEYS */;

-- 导出  表 hrms.t_sys_menu 结构
DROP TABLE IF EXISTS `t_sys_menu`;
CREATE TABLE IF NOT EXISTS `t_sys_menu` (
  `id` int(10) unsigned NOT NULL AUTO_INCREMENT COMMENT '主键ID',
  `parent_id` int(11) DEFAULT NULL COMMENT '父菜单',
  `name` varchar(64) NOT NULL COMMENT '菜单名称',
  `url` varchar(64) NOT NULL COMMENT '路径匹配规则',
  `path` varchar(64) NOT NULL COMMENT 'Vue-Router所需字段',
  `component` varchar(64) NOT NULL COMMENT 'Vue-Router所需字段',
  `icon_cls` varchar(64) NOT NULL COMMENT 'Vue-Router所需字段',
  `keep_alive` tinyint(1) NOT NULL COMMENT 'Vue-Router所需字段',
  `require_auth` tinyint(1) NOT NULL COMMENT 'Vue-Router所需字段',
  `gmt_create` datetime NOT NULL COMMENT '创建时间',
  `gmt_modified` datetime NOT NULL COMMENT '最新修改时间',
  `logic_deleted` tinyint(1) unsigned NOT NULL COMMENT '逻辑删除',
  PRIMARY KEY (`id`)
) ENGINE=InnoDB DEFAULT CHARSET=utf8 COMMENT='菜单表';

-- 正在导出表  hrms.t_sys_menu 的数据：~0 rows (大约)
DELETE FROM `t_sys_menu`;
/*!40000 ALTER TABLE `t_sys_menu` DISABLE KEYS */;
/*!40000 ALTER TABLE `t_sys_menu` ENABLE KEYS */;

-- 导出  表 hrms.t_sys_menu_role 结构
DROP TABLE IF EXISTS `t_sys_menu_role`;
CREATE TABLE IF NOT EXISTS `t_sys_menu_role` (
  `id` int(10) unsigned NOT NULL AUTO_INCREMENT COMMENT '主键ID',
  `menu_id` int(10) unsigned NOT NULL COMMENT '用户ID',
  `role_id` int(10) unsigned NOT NULL COMMENT '角色ID',
  PRIMARY KEY (`id`),
  UNIQUE KEY `uk_menu_id_role_id` (`menu_id`,`role_id`)
) ENGINE=InnoDB DEFAULT CHARSET=utf8 COMMENT='菜单角色表';

-- 正在导出表  hrms.t_sys_menu_role 的数据：~0 rows (大约)
DELETE FROM `t_sys_menu_role`;
/*!40000 ALTER TABLE `t_sys_menu_role` DISABLE KEYS */;
/*!40000 ALTER TABLE `t_sys_menu_role` ENABLE KEYS */;

-- 导出  表 hrms.t_sys_role 结构
DROP TABLE IF EXISTS `t_sys_role`;
CREATE TABLE IF NOT EXISTS `t_sys_role` (
  `id` int(10) unsigned NOT NULL AUTO_INCREMENT COMMENT '主键ID',
  `name` varchar(16) NOT NULL COMMENT '角色英文名称',
  `name_zh` varchar(16) NOT NULL COMMENT '角色中文名称',
  `gmt_create` datetime NOT NULL COMMENT '创建时间',
  `gmt_modified` datetime NOT NULL COMMENT '最新修改时间',
  `logic_deleted` tinyint(1) unsigned NOT NULL COMMENT '逻辑删除',
  `remarks` varchar(50) DEFAULT NULL,
  PRIMARY KEY (`id`),
  UNIQUE KEY `uk_name` (`name`)
) ENGINE=InnoDB AUTO_INCREMENT=3 DEFAULT CHARSET=utf8 COMMENT='角色表';

-- 正在导出表  hrms.t_sys_role 的数据：~2 rows (大约)
DELETE FROM `t_sys_role`;
/*!40000 ALTER TABLE `t_sys_role` DISABLE KEYS */;
INSERT INTO `t_sys_role` (`id`, `name`, `name_zh`, `gmt_create`, `gmt_modified`, `logic_deleted`, `remarks`) VALUES
	(1, 'ROLE_admin', '系统管理员', '2019-03-08 09:15:36', '2019-03-08 09:15:36', 0, '系统管理员角色，默认拥有所有权限'),
	(2, 'ROLE_test', '测试用户', '2019-03-08 10:48:10', '2019-03-08 10:48:10', 0, '测试用户角色，默认没有任何权限');
/*!40000 ALTER TABLE `t_sys_role` ENABLE KEYS */;

-- 导出  表 hrms.t_sys_user 结构
DROP TABLE IF EXISTS `t_sys_user`;
CREATE TABLE IF NOT EXISTS `t_sys_user` (
  `id` int(10) unsigned NOT NULL AUTO_INCREMENT COMMENT '主键ID',
  `employee_id` int(10) DEFAULT NULL COMMENT '账号所属员工ID',
  `name` varchar(16) NOT NULL COMMENT '姓名',
  `username` varchar(16) NOT NULL COMMENT '用户名',
  `password` varchar(64) NOT NULL COMMENT '密码',
  `remarks` varchar(255) NOT NULL COMMENT '备注',
  `enabled` tinyint(1) unsigned NOT NULL COMMENT '是否启用',
  `gmt_create` datetime NOT NULL COMMENT '创建时间',
  `gmt_modified` datetime NOT NULL COMMENT '最新修改时间',
  `logic_deleted` tinyint(1) unsigned NOT NULL COMMENT '逻辑删除',
  PRIMARY KEY (`id`),
  UNIQUE KEY `uk_username` (`username`)
) ENGINE=InnoDB AUTO_INCREMENT=9 DEFAULT CHARSET=utf8 COMMENT='用户表';

-- 正在导出表  hrms.t_sys_user 的数据：~8 rows (大约)
DELETE FROM `t_sys_user`;
/*!40000 ALTER TABLE `t_sys_user` DISABLE KEYS */;
INSERT INTO `t_sys_user` (`id`, `employee_id`, `name`, `username`, `password`, `remarks`, `enabled`, `gmt_create`, `gmt_modified`, `logic_deleted`) VALUES
	(1, 3, 'admin', 'admin', '$2a$10$6q96DYIbbY3knusWF7Xxgu0WPBEbnWlt0OfnfawCbB4B0LGApRHwm', '', 1, '2019-03-07 17:08:44', '2019-03-07 17:08:45', 0),
	(2, NULL, '测试用户1', 'test1', '$2a$10$6RZt5FXYwMHBcBsQFd.lDeJHBEMzmoD0t7wdtU.b6HQyZKjS2pxD.', '', 1, '2019-03-08 10:25:47', '2019-03-08 10:25:47', 0),
	(3, NULL, '测试用户2', 'test2', '$2a$10$6RZt5FXYwMHBcBsQFd.lDeJHBEMzmoD0t7wdtU.b6HQyZKjS2pxD.', '', 1, '2019-03-08 10:39:45', '2019-03-08 10:39:45', 0),
	(4, 24, '向龙飞21', 'xianglongfei2124', '$2a$10$aMVcGMfpRGI39OSOv.AmK.lGxJzERkZ9dUW8lvzeJ4ky8LYMX4YTi', '', 1, '2019-03-19 14:07:50', '2019-03-19 14:07:50', 0),
	(5, 25, '向龙飞21', 'xianglongfei2125', '$2a$10$8ZeAYtQnJOqHMVnSgHCMjuyzKypll0PwhmLpQ0ZzEVPsIW/mM24wG', '', 1, '2019-03-19 14:12:05', '2019-03-19 14:12:05', 0),
	(6, 27, '向龙飞21', 'xianglongfei2127', '$2a$10$5rcuFL00Ek.QvX9GNVc21.4ritQvBCBgH/.CMV5oiwru063GPlHHC', '', 1, '2019-03-19 14:18:44', '2019-03-19 14:18:44', 0),
	(7, 29, '向龙飞21', 'xianglongfei2129', '$2a$10$pgmlXURtKQ6smsOze7ZRJu9YeMCO7N/JJdaenT40M8aytOMMUxJ7i', '', 1, '2019-03-19 14:25:55', '2019-03-19 14:25:55', 0),
	(8, 30, '向龙飞24', 'xianglongfei2430', '$2a$10$yXAdllrVK20rqTIBjFuRB.isQTScwKtLbJ41D.tv3VPW8.1665IDG', '', 1, '2019-03-20 19:06:05', '2019-03-20 19:06:05', 0);
/*!40000 ALTER TABLE `t_sys_user` ENABLE KEYS */;

-- 导出  表 hrms.t_sys_user_role 结构
DROP TABLE IF EXISTS `t_sys_user_role`;
CREATE TABLE IF NOT EXISTS `t_sys_user_role` (
  `id` int(10) unsigned NOT NULL AUTO_INCREMENT COMMENT '主键ID',
  `user_id` int(10) unsigned NOT NULL COMMENT '用户ID',
  `role_id` int(10) unsigned NOT NULL COMMENT '角色ID',
  PRIMARY KEY (`id`),
  UNIQUE KEY `uk_user_id_role_id` (`user_id`,`role_id`)
) ENGINE=InnoDB AUTO_INCREMENT=10 DEFAULT CHARSET=utf8 COMMENT='用户角色表';

-- 正在导出表  hrms.t_sys_user_role 的数据：~8 rows (大约)
DELETE FROM `t_sys_user_role`;
/*!40000 ALTER TABLE `t_sys_user_role` DISABLE KEYS */;
INSERT INTO `t_sys_user_role` (`id`, `user_id`, `role_id`) VALUES
	(1, 1, 1),
	(3, 2, 2),
	(4, 3, 2),
	(5, 4, 2),
	(6, 5, 1),
	(7, 6, 1),
	(8, 7, 1),
	(9, 8, 2);
/*!40000 ALTER TABLE `t_sys_user_role` ENABLE KEYS */;

-- 导出  表 hrms.t_work_calendar 结构
DROP TABLE IF EXISTS `t_work_calendar`;
CREATE TABLE IF NOT EXISTS `t_work_calendar` (
  `id` int(10) unsigned NOT NULL AUTO_INCREMENT COMMENT '主键ID',
  `days` date NOT NULL COMMENT '日期',
  `calendar_type` tinyint(3) unsigned NOT NULL COMMENT '工作日类型（工作日、普通假日、法定假日、无薪放假）',
  `gmt_create` datetime NOT NULL COMMENT '创建时间',
  `gmt_modified` datetime NOT NULL COMMENT '最新修改时间',
  `logic_deleted` tinyint(1) unsigned NOT NULL COMMENT '逻辑删除',
  PRIMARY KEY (`id`),
  UNIQUE KEY `uk_days` (`days`)
) ENGINE=InnoDB AUTO_INCREMENT=366 DEFAULT CHARSET=utf8 COMMENT='工作日程表';

-- 正在导出表  hrms.t_work_calendar 的数据：~365 rows (大约)
DELETE FROM `t_work_calendar`;
/*!40000 ALTER TABLE `t_work_calendar` DISABLE KEYS */;
INSERT INTO `t_work_calendar` (`id`, `days`, `calendar_type`, `gmt_create`, `gmt_modified`, `logic_deleted`) VALUES
	(1, '2019-01-01', 0, '2019-03-06 11:53:31', '2019-03-06 11:53:31', 0),
	(2, '2019-01-02', 0, '2019-03-06 11:53:31', '2019-03-06 11:53:31', 0),
	(3, '2019-01-03', 0, '2019-03-06 11:53:31', '2019-03-06 11:53:31', 0),
	(4, '2019-01-04', 0, '2019-03-06 11:53:31', '2019-03-06 11:53:31', 0),
	(5, '2019-01-05', 1, '2019-03-06 11:53:31', '2019-03-06 11:53:31', 0),
	(6, '2019-01-06', 1, '2019-03-06 11:53:31', '2019-03-06 11:53:31', 0),
	(7, '2019-01-07', 0, '2019-03-06 11:53:31', '2019-03-06 11:53:31', 0),
	(8, '2019-01-08', 0, '2019-03-06 11:53:31', '2019-03-06 11:53:31', 0),
	(9, '2019-01-09', 0, '2019-03-06 11:53:31', '2019-03-06 11:53:31', 0),
	(10, '2019-01-10', 0, '2019-03-06 11:53:31', '2019-03-06 11:53:31', 0),
	(11, '2019-01-11', 0, '2019-03-06 11:53:31', '2019-03-06 11:53:31', 0),
	(12, '2019-01-12', 1, '2019-03-06 11:53:31', '2019-03-06 11:53:31', 0),
	(13, '2019-01-13', 1, '2019-03-06 11:53:31', '2019-03-06 11:53:31', 0),
	(14, '2019-01-14', 0, '2019-03-06 11:53:31', '2019-03-06 11:53:31', 0),
	(15, '2019-01-15', 0, '2019-03-06 11:53:31', '2019-03-06 11:53:31', 0),
	(16, '2019-01-16', 0, '2019-03-06 11:53:31', '2019-03-06 11:53:31', 0),
	(17, '2019-01-17', 0, '2019-03-06 11:53:31', '2019-03-06 11:53:31', 0),
	(18, '2019-01-18', 0, '2019-03-06 11:53:31', '2019-03-06 11:53:31', 0),
	(19, '2019-01-19', 1, '2019-03-06 11:53:31', '2019-03-06 11:53:31', 0),
	(20, '2019-01-20', 1, '2019-03-06 11:53:31', '2019-03-06 11:53:31', 0),
	(21, '2019-01-21', 0, '2019-03-06 11:53:31', '2019-03-06 11:53:31', 0),
	(22, '2019-01-22', 0, '2019-03-06 11:53:31', '2019-03-06 11:53:31', 0),
	(23, '2019-01-23', 0, '2019-03-06 11:53:31', '2019-03-06 11:53:31', 0),
	(24, '2019-01-24', 0, '2019-03-06 11:53:31', '2019-03-06 11:53:31', 0),
	(25, '2019-01-25', 0, '2019-03-06 11:53:31', '2019-03-06 11:53:31', 0),
	(26, '2019-01-26', 1, '2019-03-06 11:53:31', '2019-03-06 11:53:31', 0),
	(27, '2019-01-27', 1, '2019-03-06 11:53:31', '2019-03-06 11:53:31', 0),
	(28, '2019-01-28', 0, '2019-03-06 11:53:31', '2019-03-06 11:53:31', 0),
	(29, '2019-01-29', 0, '2019-03-06 11:53:31', '2019-03-06 11:53:31', 0),
	(30, '2019-01-30', 0, '2019-03-06 11:53:31', '2019-03-06 11:53:31', 0),
	(31, '2019-01-31', 0, '2019-03-06 11:53:31', '2019-03-06 11:53:31', 0),
	(32, '2019-02-01', 0, '2019-03-06 11:53:31', '2019-03-06 11:53:31', 0),
	(33, '2019-02-02', 1, '2019-03-06 11:53:31', '2019-03-06 11:53:31', 0),
	(34, '2019-02-03', 1, '2019-03-06 11:53:31', '2019-03-06 11:53:31', 0),
	(35, '2019-02-04', 0, '2019-03-06 11:53:31', '2019-03-06 11:53:31', 0),
	(36, '2019-02-05', 0, '2019-03-06 11:53:31', '2019-03-06 11:53:31', 0),
	(37, '2019-02-06', 0, '2019-03-06 11:53:31', '2019-03-06 11:53:31', 0),
	(38, '2019-02-07', 0, '2019-03-06 11:53:31', '2019-03-06 11:53:31', 0),
	(39, '2019-02-08', 0, '2019-03-06 11:53:31', '2019-03-06 11:53:31', 0),
	(40, '2019-02-09', 1, '2019-03-06 11:53:31', '2019-03-06 11:53:31', 0),
	(41, '2019-02-10', 1, '2019-03-06 11:53:31', '2019-03-06 11:53:31', 0),
	(42, '2019-02-11', 0, '2019-03-06 11:53:31', '2019-03-06 11:53:31', 0),
	(43, '2019-02-12', 0, '2019-03-06 11:53:31', '2019-03-06 11:53:31', 0),
	(44, '2019-02-13', 0, '2019-03-06 11:53:31', '2019-03-06 11:53:31', 0),
	(45, '2019-02-14', 0, '2019-03-06 11:53:31', '2019-03-06 11:53:31', 0),
	(46, '2019-02-15', 0, '2019-03-06 11:53:31', '2019-03-06 11:53:31', 0),
	(47, '2019-02-16', 1, '2019-03-06 11:53:31', '2019-03-06 11:53:31', 0),
	(48, '2019-02-17', 1, '2019-03-06 11:53:31', '2019-03-06 11:53:31', 0),
	(49, '2019-02-18', 0, '2019-03-06 11:53:31', '2019-03-06 11:53:31', 0),
	(50, '2019-02-19', 0, '2019-03-06 11:53:31', '2019-03-06 11:53:31', 0),
	(51, '2019-02-20', 0, '2019-03-06 11:53:31', '2019-03-06 11:53:31', 0),
	(52, '2019-02-21', 0, '2019-03-06 11:53:31', '2019-03-06 11:53:31', 0),
	(53, '2019-02-22', 0, '2019-03-06 11:53:31', '2019-03-06 11:53:31', 0),
	(54, '2019-02-23', 1, '2019-03-06 11:53:31', '2019-03-06 11:53:31', 0),
	(55, '2019-02-24', 1, '2019-03-06 11:53:31', '2019-03-06 11:53:31', 0),
	(56, '2019-02-25', 0, '2019-03-06 11:53:31', '2019-03-06 11:53:31', 0),
	(57, '2019-02-26', 0, '2019-03-06 11:53:31', '2019-03-06 11:53:31', 0),
	(58, '2019-02-27', 0, '2019-03-06 11:53:31', '2019-03-06 11:53:31', 0),
	(59, '2019-02-28', 0, '2019-03-06 11:53:31', '2019-03-06 11:53:31', 0),
	(60, '2019-03-01', 0, '2019-03-06 11:53:31', '2019-03-06 11:53:31', 0),
	(61, '2019-03-02', 1, '2019-03-06 11:53:31', '2019-03-06 11:53:31', 0),
	(62, '2019-03-03', 1, '2019-03-06 11:53:31', '2019-03-06 11:53:31', 0),
	(63, '2019-03-04', 0, '2019-03-06 11:53:31', '2019-03-06 11:53:31', 0),
	(64, '2019-03-05', 0, '2019-03-06 11:53:31', '2019-03-06 11:53:31', 0),
	(65, '2019-03-06', 0, '2019-03-06 11:53:31', '2019-03-06 11:53:31', 0),
	(66, '2019-03-07', 0, '2019-03-06 11:53:31', '2019-03-06 11:53:31', 0),
	(67, '2019-03-08', 0, '2019-03-06 11:53:31', '2019-03-06 11:53:31', 0),
	(68, '2019-03-09', 1, '2019-03-06 11:53:31', '2019-03-06 11:53:31', 0),
	(69, '2019-03-10', 1, '2019-03-06 11:53:31', '2019-03-06 11:53:31', 0),
	(70, '2019-03-11', 0, '2019-03-06 11:53:31', '2019-03-06 11:53:31', 0),
	(71, '2019-03-12', 0, '2019-03-06 11:53:31', '2019-03-06 11:53:31', 0),
	(72, '2019-03-13', 0, '2019-03-06 11:53:31', '2019-03-06 11:53:31', 0),
	(73, '2019-03-14', 0, '2019-03-06 11:53:31', '2019-03-06 11:53:31', 0),
	(74, '2019-03-15', 0, '2019-03-06 11:53:31', '2019-03-06 11:53:31', 0),
	(75, '2019-03-16', 1, '2019-03-06 11:53:31', '2019-03-06 11:53:31', 0),
	(76, '2019-03-17', 1, '2019-03-06 11:53:31', '2019-03-06 11:53:31', 0),
	(77, '2019-03-18', 0, '2019-03-06 11:53:31', '2019-03-06 11:53:31', 0),
	(78, '2019-03-19', 0, '2019-03-06 11:53:31', '2019-03-06 11:53:31', 0),
	(79, '2019-03-20', 0, '2019-03-06 11:53:31', '2019-03-06 11:53:31', 0),
	(80, '2019-03-21', 0, '2019-03-06 11:53:31', '2019-03-06 11:53:31', 0),
	(81, '2019-03-22', 0, '2019-03-06 11:53:31', '2019-03-06 11:53:31', 0),
	(82, '2019-03-23', 1, '2019-03-06 11:53:31', '2019-03-06 11:53:31', 0),
	(83, '2019-03-24', 1, '2019-03-06 11:53:31', '2019-03-06 11:53:31', 0),
	(84, '2019-03-25', 0, '2019-03-06 11:53:31', '2019-03-06 11:53:31', 0),
	(85, '2019-03-26', 0, '2019-03-06 11:53:31', '2019-03-06 11:53:31', 0),
	(86, '2019-03-27', 0, '2019-03-06 11:53:31', '2019-03-06 11:53:31', 0),
	(87, '2019-03-28', 0, '2019-03-06 11:53:31', '2019-03-06 11:53:31', 0),
	(88, '2019-03-29', 0, '2019-03-06 11:53:31', '2019-03-06 11:53:31', 0),
	(89, '2019-03-30', 1, '2019-03-06 11:53:31', '2019-03-06 11:53:31', 0),
	(90, '2019-03-31', 1, '2019-03-06 11:53:31', '2019-03-06 11:53:31', 0),
	(91, '2019-04-01', 0, '2019-03-06 11:53:31', '2019-03-06 11:53:31', 0),
	(92, '2019-04-02', 0, '2019-03-06 11:53:31', '2019-03-06 11:53:31', 0),
	(93, '2019-04-03', 0, '2019-03-06 11:53:31', '2019-03-06 11:53:31', 0),
	(94, '2019-04-04', 0, '2019-03-06 11:53:31', '2019-03-06 11:53:31', 0),
	(95, '2019-04-05', 0, '2019-03-06 11:53:31', '2019-03-06 11:53:31', 0),
	(96, '2019-04-06', 1, '2019-03-06 11:53:31', '2019-03-06 11:53:31', 0),
	(97, '2019-04-07', 1, '2019-03-06 11:53:31', '2019-03-06 11:53:31', 0),
	(98, '2019-04-08', 0, '2019-03-06 11:53:31', '2019-03-06 11:53:31', 0),
	(99, '2019-04-09', 0, '2019-03-06 11:53:31', '2019-03-06 11:53:31', 0),
	(100, '2019-04-10', 0, '2019-03-06 11:53:31', '2019-03-06 11:53:31', 0),
	(101, '2019-04-11', 0, '2019-03-06 11:53:31', '2019-03-06 11:53:31', 0),
	(102, '2019-04-12', 0, '2019-03-06 11:53:31', '2019-03-06 11:53:31', 0),
	(103, '2019-04-13', 1, '2019-03-06 11:53:31', '2019-03-06 11:53:31', 0),
	(104, '2019-04-14', 1, '2019-03-06 11:53:31', '2019-03-06 11:53:31', 0),
	(105, '2019-04-15', 0, '2019-03-06 11:53:31', '2019-03-06 11:53:31', 0),
	(106, '2019-04-16', 0, '2019-03-06 11:53:31', '2019-03-06 11:53:31', 0),
	(107, '2019-04-17', 0, '2019-03-06 11:53:31', '2019-03-06 11:53:31', 0),
	(108, '2019-04-18', 0, '2019-03-06 11:53:31', '2019-03-06 11:53:31', 0),
	(109, '2019-04-19', 0, '2019-03-06 11:53:31', '2019-03-06 11:53:31', 0),
	(110, '2019-04-20', 1, '2019-03-06 11:53:31', '2019-03-06 11:53:31', 0),
	(111, '2019-04-21', 1, '2019-03-06 11:53:31', '2019-03-06 11:53:31', 0),
	(112, '2019-04-22', 0, '2019-03-06 11:53:31', '2019-03-06 11:53:31', 0),
	(113, '2019-04-23', 0, '2019-03-06 11:53:31', '2019-03-06 11:53:31', 0),
	(114, '2019-04-24', 0, '2019-03-06 11:53:31', '2019-03-06 11:53:31', 0),
	(115, '2019-04-25', 0, '2019-03-06 11:53:31', '2019-03-06 11:53:31', 0),
	(116, '2019-04-26', 0, '2019-03-06 11:53:31', '2019-03-06 11:53:31', 0),
	(117, '2019-04-27', 1, '2019-03-06 11:53:31', '2019-03-06 11:53:31', 0),
	(118, '2019-04-28', 1, '2019-03-06 11:53:31', '2019-03-06 11:53:31', 0),
	(119, '2019-04-29', 0, '2019-03-06 11:53:31', '2019-03-06 11:53:31', 0),
	(120, '2019-04-30', 0, '2019-03-06 11:53:31', '2019-03-06 11:53:31', 0),
	(121, '2019-05-01', 0, '2019-03-06 11:53:31', '2019-03-06 11:53:31', 0),
	(122, '2019-05-02', 0, '2019-03-06 11:53:31', '2019-03-06 11:53:31', 0),
	(123, '2019-05-03', 0, '2019-03-06 11:53:31', '2019-03-06 11:53:31', 0),
	(124, '2019-05-04', 1, '2019-03-06 11:53:31', '2019-03-06 11:53:31', 0),
	(125, '2019-05-05', 1, '2019-03-06 11:53:31', '2019-03-06 11:53:31', 0),
	(126, '2019-05-06', 0, '2019-03-06 11:53:31', '2019-03-06 11:53:31', 0),
	(127, '2019-05-07', 0, '2019-03-06 11:53:31', '2019-03-06 11:53:31', 0),
	(128, '2019-05-08', 0, '2019-03-06 11:53:31', '2019-03-06 11:53:31', 0),
	(129, '2019-05-09', 0, '2019-03-06 11:53:31', '2019-03-06 11:53:31', 0),
	(130, '2019-05-10', 0, '2019-03-06 11:53:31', '2019-03-06 11:53:31', 0),
	(131, '2019-05-11', 1, '2019-03-06 11:53:31', '2019-03-06 11:53:31', 0),
	(132, '2019-05-12', 1, '2019-03-06 11:53:31', '2019-03-06 11:53:31', 0),
	(133, '2019-05-13', 0, '2019-03-06 11:53:31', '2019-03-06 11:53:31', 0),
	(134, '2019-05-14', 0, '2019-03-06 11:53:31', '2019-03-06 11:53:31', 0),
	(135, '2019-05-15', 0, '2019-03-06 11:53:31', '2019-03-06 11:53:31', 0),
	(136, '2019-05-16', 0, '2019-03-06 11:53:31', '2019-03-06 11:53:31', 0),
	(137, '2019-05-17', 0, '2019-03-06 11:53:31', '2019-03-06 11:53:31', 0),
	(138, '2019-05-18', 1, '2019-03-06 11:53:31', '2019-03-06 11:53:31', 0),
	(139, '2019-05-19', 1, '2019-03-06 11:53:31', '2019-03-06 11:53:31', 0),
	(140, '2019-05-20', 0, '2019-03-06 11:53:31', '2019-03-06 11:53:31', 0),
	(141, '2019-05-21', 0, '2019-03-06 11:53:31', '2019-03-06 11:53:31', 0),
	(142, '2019-05-22', 0, '2019-03-06 11:53:31', '2019-03-06 11:53:31', 0),
	(143, '2019-05-23', 0, '2019-03-06 11:53:31', '2019-03-06 11:53:31', 0),
	(144, '2019-05-24', 0, '2019-03-06 11:53:31', '2019-03-06 11:53:31', 0),
	(145, '2019-05-25', 1, '2019-03-06 11:53:31', '2019-03-06 11:53:31', 0),
	(146, '2019-05-26', 1, '2019-03-06 11:53:31', '2019-03-06 11:53:31', 0),
	(147, '2019-05-27', 0, '2019-03-06 11:53:31', '2019-03-06 11:53:31', 0),
	(148, '2019-05-28', 0, '2019-03-06 11:53:31', '2019-03-06 11:53:31', 0),
	(149, '2019-05-29', 0, '2019-03-06 11:53:31', '2019-03-06 11:53:31', 0),
	(150, '2019-05-30', 0, '2019-03-06 11:53:31', '2019-03-06 11:53:31', 0),
	(151, '2019-05-31', 0, '2019-03-06 11:53:31', '2019-03-06 11:53:31', 0),
	(152, '2019-06-01', 1, '2019-03-06 11:53:31', '2019-03-06 11:53:31', 0),
	(153, '2019-06-02', 1, '2019-03-06 11:53:31', '2019-03-06 11:53:31', 0),
	(154, '2019-06-03', 0, '2019-03-06 11:53:31', '2019-03-06 11:53:31', 0),
	(155, '2019-06-04', 0, '2019-03-06 11:53:31', '2019-03-06 11:53:31', 0),
	(156, '2019-06-05', 0, '2019-03-06 11:53:31', '2019-03-06 11:53:31', 0),
	(157, '2019-06-06', 0, '2019-03-06 11:53:31', '2019-03-06 11:53:31', 0),
	(158, '2019-06-07', 0, '2019-03-06 11:53:31', '2019-03-06 11:53:31', 0),
	(159, '2019-06-08', 1, '2019-03-06 11:53:31', '2019-03-06 11:53:31', 0),
	(160, '2019-06-09', 1, '2019-03-06 11:53:31', '2019-03-06 11:53:31', 0),
	(161, '2019-06-10', 0, '2019-03-06 11:53:31', '2019-03-06 11:53:31', 0),
	(162, '2019-06-11', 0, '2019-03-06 11:53:31', '2019-03-06 11:53:31', 0),
	(163, '2019-06-12', 0, '2019-03-06 11:53:31', '2019-03-06 11:53:31', 0),
	(164, '2019-06-13', 0, '2019-03-06 11:53:31', '2019-03-06 11:53:31', 0),
	(165, '2019-06-14', 0, '2019-03-06 11:53:31', '2019-03-06 11:53:31', 0),
	(166, '2019-06-15', 1, '2019-03-06 11:53:31', '2019-03-06 11:53:31', 0),
	(167, '2019-06-16', 1, '2019-03-06 11:53:31', '2019-03-06 11:53:31', 0),
	(168, '2019-06-17', 0, '2019-03-06 11:53:31', '2019-03-06 11:53:31', 0),
	(169, '2019-06-18', 0, '2019-03-06 11:53:31', '2019-03-06 11:53:31', 0),
	(170, '2019-06-19', 0, '2019-03-06 11:53:31', '2019-03-06 11:53:31', 0),
	(171, '2019-06-20', 0, '2019-03-06 11:53:31', '2019-03-06 11:53:31', 0),
	(172, '2019-06-21', 0, '2019-03-06 11:53:31', '2019-03-06 11:53:31', 0),
	(173, '2019-06-22', 1, '2019-03-06 11:53:31', '2019-03-06 11:53:31', 0),
	(174, '2019-06-23', 1, '2019-03-06 11:53:31', '2019-03-06 11:53:31', 0),
	(175, '2019-06-24', 0, '2019-03-06 11:53:31', '2019-03-06 11:53:31', 0),
	(176, '2019-06-25', 0, '2019-03-06 11:53:31', '2019-03-06 11:53:31', 0),
	(177, '2019-06-26', 0, '2019-03-06 11:53:31', '2019-03-06 11:53:31', 0),
	(178, '2019-06-27', 0, '2019-03-06 11:53:31', '2019-03-06 11:53:31', 0),
	(179, '2019-06-28', 0, '2019-03-06 11:53:31', '2019-03-06 11:53:31', 0),
	(180, '2019-06-29', 1, '2019-03-06 11:53:31', '2019-03-06 11:53:31', 0),
	(181, '2019-06-30', 1, '2019-03-06 11:53:31', '2019-03-06 11:53:31', 0),
	(182, '2019-07-01', 0, '2019-03-06 11:53:31', '2019-03-06 11:53:31', 0),
	(183, '2019-07-02', 0, '2019-03-06 11:53:31', '2019-03-06 11:53:31', 0),
	(184, '2019-07-03', 0, '2019-03-06 11:53:31', '2019-03-06 11:53:31', 0),
	(185, '2019-07-04', 0, '2019-03-06 11:53:31', '2019-03-06 11:53:31', 0),
	(186, '2019-07-05', 0, '2019-03-06 11:53:31', '2019-03-06 11:53:31', 0),
	(187, '2019-07-06', 1, '2019-03-06 11:53:31', '2019-03-06 11:53:31', 0),
	(188, '2019-07-07', 1, '2019-03-06 11:53:31', '2019-03-06 11:53:31', 0),
	(189, '2019-07-08', 0, '2019-03-06 11:53:31', '2019-03-06 11:53:31', 0),
	(190, '2019-07-09', 0, '2019-03-06 11:53:31', '2019-03-06 11:53:31', 0),
	(191, '2019-07-10', 0, '2019-03-06 11:53:31', '2019-03-06 11:53:31', 0),
	(192, '2019-07-11', 0, '2019-03-06 11:53:31', '2019-03-06 11:53:31', 0),
	(193, '2019-07-12', 0, '2019-03-06 11:53:31', '2019-03-06 11:53:31', 0),
	(194, '2019-07-13', 1, '2019-03-06 11:53:31', '2019-03-06 11:53:31', 0),
	(195, '2019-07-14', 1, '2019-03-06 11:53:31', '2019-03-06 11:53:31', 0),
	(196, '2019-07-15', 0, '2019-03-06 11:53:31', '2019-03-06 11:53:31', 0),
	(197, '2019-07-16', 0, '2019-03-06 11:53:31', '2019-03-06 11:53:31', 0),
	(198, '2019-07-17', 0, '2019-03-06 11:53:31', '2019-03-06 11:53:31', 0),
	(199, '2019-07-18', 0, '2019-03-06 11:53:31', '2019-03-06 11:53:31', 0),
	(200, '2019-07-19', 0, '2019-03-06 11:53:31', '2019-03-06 11:53:31', 0),
	(201, '2019-07-20', 1, '2019-03-06 11:53:31', '2019-03-06 11:53:31', 0),
	(202, '2019-07-21', 1, '2019-03-06 11:53:31', '2019-03-06 11:53:31', 0),
	(203, '2019-07-22', 0, '2019-03-06 11:53:31', '2019-03-06 11:53:31', 0),
	(204, '2019-07-23', 0, '2019-03-06 11:53:31', '2019-03-06 11:53:31', 0),
	(205, '2019-07-24', 0, '2019-03-06 11:53:31', '2019-03-06 11:53:31', 0),
	(206, '2019-07-25', 0, '2019-03-06 11:53:31', '2019-03-06 11:53:31', 0),
	(207, '2019-07-26', 0, '2019-03-06 11:53:31', '2019-03-06 11:53:31', 0),
	(208, '2019-07-27', 1, '2019-03-06 11:53:31', '2019-03-06 11:53:31', 0),
	(209, '2019-07-28', 1, '2019-03-06 11:53:31', '2019-03-06 11:53:31', 0),
	(210, '2019-07-29', 0, '2019-03-06 11:53:31', '2019-03-06 11:53:31', 0),
	(211, '2019-07-30', 0, '2019-03-06 11:53:31', '2019-03-06 11:53:31', 0),
	(212, '2019-07-31', 0, '2019-03-06 11:53:31', '2019-03-06 11:53:31', 0),
	(213, '2019-08-01', 0, '2019-03-06 11:53:31', '2019-03-06 11:53:31', 0),
	(214, '2019-08-02', 0, '2019-03-06 11:53:31', '2019-03-06 11:53:31', 0),
	(215, '2019-08-03', 1, '2019-03-06 11:53:31', '2019-03-06 11:53:31', 0),
	(216, '2019-08-04', 1, '2019-03-06 11:53:31', '2019-03-06 11:53:31', 0),
	(217, '2019-08-05', 0, '2019-03-06 11:53:31', '2019-03-06 11:53:31', 0),
	(218, '2019-08-06', 0, '2019-03-06 11:53:31', '2019-03-06 11:53:31', 0),
	(219, '2019-08-07', 0, '2019-03-06 11:53:31', '2019-03-06 11:53:31', 0),
	(220, '2019-08-08', 0, '2019-03-06 11:53:31', '2019-03-06 11:53:31', 0),
	(221, '2019-08-09', 0, '2019-03-06 11:53:31', '2019-03-06 11:53:31', 0),
	(222, '2019-08-10', 1, '2019-03-06 11:53:31', '2019-03-06 11:53:31', 0),
	(223, '2019-08-11', 1, '2019-03-06 11:53:31', '2019-03-06 11:53:31', 0),
	(224, '2019-08-12', 0, '2019-03-06 11:53:31', '2019-03-06 11:53:31', 0),
	(225, '2019-08-13', 0, '2019-03-06 11:53:31', '2019-03-06 11:53:31', 0),
	(226, '2019-08-14', 0, '2019-03-06 11:53:31', '2019-03-06 11:53:31', 0),
	(227, '2019-08-15', 0, '2019-03-06 11:53:31', '2019-03-06 11:53:31', 0),
	(228, '2019-08-16', 0, '2019-03-06 11:53:31', '2019-03-06 11:53:31', 0),
	(229, '2019-08-17', 1, '2019-03-06 11:53:31', '2019-03-06 11:53:31', 0),
	(230, '2019-08-18', 1, '2019-03-06 11:53:31', '2019-03-06 11:53:31', 0),
	(231, '2019-08-19', 0, '2019-03-06 11:53:31', '2019-03-06 11:53:31', 0),
	(232, '2019-08-20', 0, '2019-03-06 11:53:31', '2019-03-06 11:53:31', 0),
	(233, '2019-08-21', 0, '2019-03-06 11:53:31', '2019-03-06 11:53:31', 0),
	(234, '2019-08-22', 0, '2019-03-06 11:53:31', '2019-03-06 11:53:31', 0),
	(235, '2019-08-23', 0, '2019-03-06 11:53:31', '2019-03-06 11:53:31', 0),
	(236, '2019-08-24', 1, '2019-03-06 11:53:31', '2019-03-06 11:53:31', 0),
	(237, '2019-08-25', 1, '2019-03-06 11:53:31', '2019-03-06 11:53:31', 0),
	(238, '2019-08-26', 0, '2019-03-06 11:53:31', '2019-03-06 11:53:31', 0),
	(239, '2019-08-27', 0, '2019-03-06 11:53:31', '2019-03-06 11:53:31', 0),
	(240, '2019-08-28', 0, '2019-03-06 11:53:31', '2019-03-06 11:53:31', 0),
	(241, '2019-08-29', 0, '2019-03-06 11:53:31', '2019-03-06 11:53:31', 0),
	(242, '2019-08-30', 0, '2019-03-06 11:53:31', '2019-03-06 11:53:31', 0),
	(243, '2019-08-31', 1, '2019-03-06 11:53:31', '2019-03-06 11:53:31', 0),
	(244, '2019-09-01', 1, '2019-03-06 11:53:31', '2019-03-06 11:53:31', 0),
	(245, '2019-09-02', 0, '2019-03-06 11:53:31', '2019-03-06 11:53:31', 0),
	(246, '2019-09-03', 0, '2019-03-06 11:53:31', '2019-03-06 11:53:31', 0),
	(247, '2019-09-04', 0, '2019-03-06 11:53:31', '2019-03-06 11:53:31', 0),
	(248, '2019-09-05', 0, '2019-03-06 11:53:31', '2019-03-06 11:53:31', 0),
	(249, '2019-09-06', 0, '2019-03-06 11:53:31', '2019-03-06 11:53:31', 0),
	(250, '2019-09-07', 1, '2019-03-06 11:53:31', '2019-03-06 11:53:31', 0),
	(251, '2019-09-08', 1, '2019-03-06 11:53:31', '2019-03-06 11:53:31', 0),
	(252, '2019-09-09', 0, '2019-03-06 11:53:31', '2019-03-06 11:53:31', 0),
	(253, '2019-09-10', 0, '2019-03-06 11:53:31', '2019-03-06 11:53:31', 0),
	(254, '2019-09-11', 0, '2019-03-06 11:53:31', '2019-03-06 11:53:31', 0),
	(255, '2019-09-12', 0, '2019-03-06 11:53:31', '2019-03-06 11:53:31', 0),
	(256, '2019-09-13', 0, '2019-03-06 11:53:31', '2019-03-06 11:53:31', 0),
	(257, '2019-09-14', 1, '2019-03-06 11:53:31', '2019-03-06 11:53:31', 0),
	(258, '2019-09-15', 1, '2019-03-06 11:53:31', '2019-03-06 11:53:31', 0),
	(259, '2019-09-16', 0, '2019-03-06 11:53:31', '2019-03-06 11:53:31', 0),
	(260, '2019-09-17', 0, '2019-03-06 11:53:31', '2019-03-06 11:53:31', 0),
	(261, '2019-09-18', 0, '2019-03-06 11:53:31', '2019-03-06 11:53:31', 0),
	(262, '2019-09-19', 0, '2019-03-06 11:53:31', '2019-03-06 11:53:31', 0),
	(263, '2019-09-20', 0, '2019-03-06 11:53:31', '2019-03-06 11:53:31', 0),
	(264, '2019-09-21', 1, '2019-03-06 11:53:31', '2019-03-06 11:53:31', 0),
	(265, '2019-09-22', 1, '2019-03-06 11:53:31', '2019-03-06 11:53:31', 0),
	(266, '2019-09-23', 0, '2019-03-06 11:53:31', '2019-03-06 11:53:31', 0),
	(267, '2019-09-24', 0, '2019-03-06 11:53:31', '2019-03-06 11:53:31', 0),
	(268, '2019-09-25', 0, '2019-03-06 11:53:31', '2019-03-06 11:53:31', 0),
	(269, '2019-09-26', 0, '2019-03-06 11:53:31', '2019-03-06 11:53:31', 0),
	(270, '2019-09-27', 0, '2019-03-06 11:53:31', '2019-03-06 11:53:31', 0),
	(271, '2019-09-28', 1, '2019-03-06 11:53:31', '2019-03-06 11:53:31', 0),
	(272, '2019-09-29', 1, '2019-03-06 11:53:31', '2019-03-06 11:53:31', 0),
	(273, '2019-09-30', 0, '2019-03-06 11:53:31', '2019-03-06 11:53:31', 0),
	(274, '2019-10-01', 0, '2019-03-06 11:53:31', '2019-03-06 11:53:31', 0),
	(275, '2019-10-02', 0, '2019-03-06 11:53:31', '2019-03-06 11:53:31', 0),
	(276, '2019-10-03', 0, '2019-03-06 11:53:31', '2019-03-06 11:53:31', 0),
	(277, '2019-10-04', 0, '2019-03-06 11:53:31', '2019-03-06 11:53:31', 0),
	(278, '2019-10-05', 1, '2019-03-06 11:53:31', '2019-03-06 11:53:31', 0),
	(279, '2019-10-06', 1, '2019-03-06 11:53:31', '2019-03-06 11:53:31', 0),
	(280, '2019-10-07', 0, '2019-03-06 11:53:31', '2019-03-06 11:53:31', 0),
	(281, '2019-10-08', 0, '2019-03-06 11:53:31', '2019-03-06 11:53:31', 0),
	(282, '2019-10-09', 0, '2019-03-06 11:53:31', '2019-03-06 11:53:31', 0),
	(283, '2019-10-10', 0, '2019-03-06 11:53:31', '2019-03-06 11:53:31', 0),
	(284, '2019-10-11', 0, '2019-03-06 11:53:31', '2019-03-06 11:53:31', 0),
	(285, '2019-10-12', 1, '2019-03-06 11:53:31', '2019-03-06 11:53:31', 0),
	(286, '2019-10-13', 1, '2019-03-06 11:53:31', '2019-03-06 11:53:31', 0),
	(287, '2019-10-14', 0, '2019-03-06 11:53:31', '2019-03-06 11:53:31', 0),
	(288, '2019-10-15', 0, '2019-03-06 11:53:31', '2019-03-06 11:53:31', 0),
	(289, '2019-10-16', 0, '2019-03-06 11:53:31', '2019-03-06 11:53:31', 0),
	(290, '2019-10-17', 0, '2019-03-06 11:53:31', '2019-03-06 11:53:31', 0),
	(291, '2019-10-18', 0, '2019-03-06 11:53:31', '2019-03-06 11:53:31', 0),
	(292, '2019-10-19', 1, '2019-03-06 11:53:31', '2019-03-06 11:53:31', 0),
	(293, '2019-10-20', 1, '2019-03-06 11:53:31', '2019-03-06 11:53:31', 0),
	(294, '2019-10-21', 0, '2019-03-06 11:53:31', '2019-03-06 11:53:31', 0),
	(295, '2019-10-22', 0, '2019-03-06 11:53:31', '2019-03-06 11:53:31', 0),
	(296, '2019-10-23', 0, '2019-03-06 11:53:31', '2019-03-06 11:53:31', 0),
	(297, '2019-10-24', 0, '2019-03-06 11:53:31', '2019-03-06 11:53:31', 0),
	(298, '2019-10-25', 0, '2019-03-06 11:53:31', '2019-03-06 11:53:31', 0),
	(299, '2019-10-26', 1, '2019-03-06 11:53:31', '2019-03-06 11:53:31', 0),
	(300, '2019-10-27', 1, '2019-03-06 11:53:31', '2019-03-06 11:53:31', 0),
	(301, '2019-10-28', 0, '2019-03-06 11:53:31', '2019-03-06 11:53:31', 0),
	(302, '2019-10-29', 0, '2019-03-06 11:53:31', '2019-03-06 11:53:31', 0),
	(303, '2019-10-30', 0, '2019-03-06 11:53:31', '2019-03-06 11:53:31', 0),
	(304, '2019-10-31', 0, '2019-03-06 11:53:31', '2019-03-06 11:53:31', 0),
	(305, '2019-11-01', 0, '2019-03-06 11:53:31', '2019-03-06 11:53:31', 0),
	(306, '2019-11-02', 1, '2019-03-06 11:53:31', '2019-03-06 11:53:31', 0),
	(307, '2019-11-03', 1, '2019-03-06 11:53:31', '2019-03-06 11:53:31', 0),
	(308, '2019-11-04', 0, '2019-03-06 11:53:31', '2019-03-06 11:53:31', 0),
	(309, '2019-11-05', 0, '2019-03-06 11:53:31', '2019-03-06 11:53:31', 0),
	(310, '2019-11-06', 0, '2019-03-06 11:53:31', '2019-03-06 11:53:31', 0),
	(311, '2019-11-07', 0, '2019-03-06 11:53:31', '2019-03-06 11:53:31', 0),
	(312, '2019-11-08', 0, '2019-03-06 11:53:31', '2019-03-06 11:53:31', 0),
	(313, '2019-11-09', 1, '2019-03-06 11:53:31', '2019-03-06 11:53:31', 0),
	(314, '2019-11-10', 1, '2019-03-06 11:53:31', '2019-03-06 11:53:31', 0),
	(315, '2019-11-11', 0, '2019-03-06 11:53:31', '2019-03-06 11:53:31', 0),
	(316, '2019-11-12', 0, '2019-03-06 11:53:31', '2019-03-06 11:53:31', 0),
	(317, '2019-11-13', 0, '2019-03-06 11:53:31', '2019-03-06 11:53:31', 0),
	(318, '2019-11-14', 0, '2019-03-06 11:53:31', '2019-03-06 11:53:31', 0),
	(319, '2019-11-15', 0, '2019-03-06 11:53:31', '2019-03-06 11:53:31', 0),
	(320, '2019-11-16', 1, '2019-03-06 11:53:31', '2019-03-06 11:53:31', 0),
	(321, '2019-11-17', 1, '2019-03-06 11:53:31', '2019-03-06 11:53:31', 0),
	(322, '2019-11-18', 0, '2019-03-06 11:53:31', '2019-03-06 11:53:31', 0),
	(323, '2019-11-19', 0, '2019-03-06 11:53:31', '2019-03-06 11:53:31', 0),
	(324, '2019-11-20', 0, '2019-03-06 11:53:31', '2019-03-06 11:53:31', 0),
	(325, '2019-11-21', 0, '2019-03-06 11:53:31', '2019-03-06 11:53:31', 0),
	(326, '2019-11-22', 0, '2019-03-06 11:53:31', '2019-03-06 11:53:31', 0),
	(327, '2019-11-23', 1, '2019-03-06 11:53:31', '2019-03-06 11:53:31', 0),
	(328, '2019-11-24', 1, '2019-03-06 11:53:31', '2019-03-06 11:53:31', 0),
	(329, '2019-11-25', 0, '2019-03-06 11:53:31', '2019-03-06 11:53:31', 0),
	(330, '2019-11-26', 0, '2019-03-06 11:53:31', '2019-03-06 11:53:31', 0),
	(331, '2019-11-27', 0, '2019-03-06 11:53:31', '2019-03-06 11:53:31', 0),
	(332, '2019-11-28', 0, '2019-03-06 11:53:31', '2019-03-06 11:53:31', 0),
	(333, '2019-11-29', 0, '2019-03-06 11:53:31', '2019-03-06 11:53:31', 0),
	(334, '2019-11-30', 1, '2019-03-06 11:53:31', '2019-03-06 11:53:31', 0),
	(335, '2019-12-01', 1, '2019-03-06 11:53:31', '2019-03-06 11:53:31', 0),
	(336, '2019-12-02', 0, '2019-03-06 11:53:31', '2019-03-06 11:53:31', 0),
	(337, '2019-12-03', 0, '2019-03-06 11:53:31', '2019-03-06 11:53:31', 0),
	(338, '2019-12-04', 0, '2019-03-06 11:53:31', '2019-03-06 11:53:31', 0),
	(339, '2019-12-05', 0, '2019-03-06 11:53:31', '2019-03-06 11:53:31', 0),
	(340, '2019-12-06', 0, '2019-03-06 11:53:31', '2019-03-06 11:53:31', 0),
	(341, '2019-12-07', 1, '2019-03-06 11:53:31', '2019-03-06 11:53:31', 0),
	(342, '2019-12-08', 1, '2019-03-06 11:53:31', '2019-03-06 11:53:31', 0),
	(343, '2019-12-09', 0, '2019-03-06 11:53:31', '2019-03-06 11:53:31', 0),
	(344, '2019-12-10', 0, '2019-03-06 11:53:31', '2019-03-06 11:53:31', 0),
	(345, '2019-12-11', 0, '2019-03-06 11:53:31', '2019-03-06 11:53:31', 0),
	(346, '2019-12-12', 0, '2019-03-06 11:53:31', '2019-03-06 11:53:31', 0),
	(347, '2019-12-13', 0, '2019-03-06 11:53:31', '2019-03-06 11:53:31', 0),
	(348, '2019-12-14', 1, '2019-03-06 11:53:31', '2019-03-06 11:53:31', 0),
	(349, '2019-12-15', 1, '2019-03-06 11:53:31', '2019-03-06 11:53:31', 0),
	(350, '2019-12-16', 0, '2019-03-06 11:53:31', '2019-03-06 11:53:31', 0),
	(351, '2019-12-17', 0, '2019-03-06 11:53:31', '2019-03-06 11:53:31', 0),
	(352, '2019-12-18', 0, '2019-03-06 11:53:31', '2019-03-06 11:53:31', 0),
	(353, '2019-12-19', 0, '2019-03-06 11:53:31', '2019-03-06 11:53:31', 0),
	(354, '2019-12-20', 0, '2019-03-06 11:53:31', '2019-03-06 11:53:31', 0),
	(355, '2019-12-21', 1, '2019-03-06 11:53:31', '2019-03-06 11:53:31', 0),
	(356, '2019-12-22', 1, '2019-03-06 11:53:31', '2019-03-06 11:53:31', 0),
	(357, '2019-12-23', 0, '2019-03-06 11:53:31', '2019-03-06 11:53:31', 0),
	(358, '2019-12-24', 0, '2019-03-06 11:53:31', '2019-03-06 11:53:31', 0),
	(359, '2019-12-25', 0, '2019-03-06 11:53:31', '2019-03-06 11:53:31', 0),
	(360, '2019-12-26', 0, '2019-03-06 11:53:31', '2019-03-06 11:53:31', 0),
	(361, '2019-12-27', 0, '2019-03-06 11:53:31', '2019-03-06 11:53:31', 0),
	(362, '2019-12-28', 1, '2019-03-06 11:53:31', '2019-03-06 11:53:31', 0),
	(363, '2019-12-29', 1, '2019-03-06 11:53:31', '2019-03-06 11:53:31', 0),
	(364, '2019-12-30', 0, '2019-03-06 11:53:31', '2019-03-06 11:53:31', 0),
	(365, '2019-12-31', 0, '2019-03-06 11:53:31', '2019-03-06 11:53:31', 0);
/*!40000 ALTER TABLE `t_work_calendar` ENABLE KEYS */;

/*!40101 SET SQL_MODE=IFNULL(@OLD_SQL_MODE, '') */;
/*!40014 SET FOREIGN_KEY_CHECKS=IF(@OLD_FOREIGN_KEY_CHECKS IS NULL, 1, @OLD_FOREIGN_KEY_CHECKS) */;
/*!40101 SET CHARACTER_SET_CLIENT=@OLD_CHARACTER_SET_CLIENT */;
